PERIOD,TARGET,KHFWG,KQDOC,HSIOM,BRYWC,XUKCD,EFBBA,XRSXD,HBOKK,ZARXQ,FPSXN,ODZWJ
1,0.568896754,-1.242673236,0.55336227,-1.3739309180000001,-0.627943657,-1.418957813,-1.6518753309999998,-0.702183475,-2.299269984,3.603767574,-2.060549754,-0.6749470209999999
2,0.55461296,-1.144499199,1.6484815,-1.314323776,-0.968021593,2.099735163,-1.57273943,-1.91858005,-1.5740650919999999,-0.64982077,-1.736371231,-0.073444585
3,-1.953462909,0.43865209899999996,-2.711694582,1.2742777220000001,0.840839599,-1.247711999,-0.35720333,0.533715128,1.185476108,1.1696166140000002,1.4173155709999998,1.011239075
4,-1.4333665580000001,-0.209942958,0.298972862,-0.63597493,-1.3988470769999999,-0.532862996,0.47895450100000003,2.202101093,0.019361963,-1.616576169,1.3941588169999999,0.011699205
5,-0.13749298199999999,-0.7337331,2.91158944,-0.263675034,1.394239931,1.913365231,-0.76911531,-0.09526879099999999,-0.66176593,-1.165027279,-2.057643878,0.216443312
6,-0.9244489579999999,1.103629044,-2.125887266,1.64594703,2.059599044,-2.384959516,-0.838206978,2.386955517,0.725101977,1.9044050030000002,0.395857271,0.809079054
7,-2.2534572269999997,1.512821685,0.18449122199999998,2.9319834730000003,0.846846665,-2.543628179,-0.48964905200000003,0.243845533,3.5480652719999997,1.108626402,2.7158444160000004,0.904626588
8,-0.47398405,0.718722777,-3.546707748,-0.73720805,-0.839456072,-0.611316898,0.016944147,-1.460836646,3.641321575,1.283970415,3.041150666,1.00949988
9,0.387752,0.435631383,1.4741017859999999,-0.921788979,-0.597168419,0.16010622300000002,0.32125579,-3.967456136,0.6970396179999999,-0.10112813300000001,1.851291055,-1.4271129790000001
10,-0.815025542,-2.511008028,1.9913283240000001,-1.266014561,-1.729480226,2.114668466,-2.037557034,-5.289976832,1.029064446,-0.6979914009999999,0.19509595100000002,-2.470558934
11,2.366747485,-0.415253889,2.515396563,-1.576290441,-2.940049015,2.105088969,-1.035745009,-2.485440634,-1.6576370919999999,2.105252044,-0.36668812100000003,-1.6093748280000002
12,1.445170984,-2.129737901,1.955889032,0.204154351,-2.712237809,1.055227607,-0.530331439,-2.126568727,-2.0711246930000002,5.47408091,0.5883781220000001,-0.482770765
13,1.681860127,-3.2309761160000003,2.763920031,-0.299171705,-3.714811734,3.561521673,-1.279092543,-9.568116422000001,-0.007839381999999999,5.296722194,-0.983750902,-1.0161896590000001
14,-0.7709073000000001,-1.8952515730000001,2.0991110159999997,-2.115220652,-4.384508111000001,-0.351523484,-1.346004325,-9.054497288,-1.307074718,2.440337792,-1.66093914,-0.26029201
15,0.586138603,-1.104782561,2.943499763,-1.947274856,-1.578124655,0.34708576700000005,-1.998755083,-7.497716972999999,0.38550254700000003,1.5949502180000001,1.407856054,-3.282750102
16,1.184104375,-2.299519676,0.8919367340000001,-0.23744212899999997,0.184627015,0.518469637,-2.045343403,-3.414008805,1.874056421,-0.832728457,3.037564722,-0.727294755
17,-2.421336274,-0.589249355,-0.48868525799999996,0.199443583,0.077162983,-1.552709539,-1.826452077,-3.613563845,3.839595947,-0.8627373629999999,2.752766203,-2.387880959
18,0.189823052,-0.5255462870000001,-1.055293545,1.19314962,1.175733482,-1.701039903,-0.900014875,-3.6342592160000002,1.700843941,1.450961109,0.7676529259999999,-0.522130299
19,1.12238208,-0.955548251,0.6822547040000001,-1.4821166630000002,-0.5643272570000001,1.39737493,-0.693799988,-4.092858973999999,1.953282699,-1.7484292190000001,2.1687868580000003,-0.9448694759999999
20,1.996411311,-2.333511464,0.137607805,-0.7930592479999999,-0.962603352,-0.8289307509999999,-2.949021173,-4.420561695,-0.843269934,-0.610243902,-0.8635584540000001,-1.179248793
21,-0.243703418,-0.8922252629999999,-1.239164593,1.033522993,0.078242663,1.256316336,1.4645565109999998,-0.262659145,2.08050622,2.850684756,0.891063265,0.15479273400000002
22,-1.5529673780000002,-0.9502397690000001,0.22582560399999999,0.32305613899999996,1.475337471,1.01911477,0.301684099,0.634307105,-0.430532601,-2.058838755,2.304891186,-1.6107078730000002
23,0.18088573100000002,0.25681412,2.231199476,0.409447124,-0.412233825,0.22749881600000002,-0.509558872,-1.327721263,0.21600930399999999,0.41448780700000004,-0.355676161,-0.307132145
24,-0.7556266359999999,-1.0137353009999999,-0.9969371440000001,-2.487973887,-1.819606442,2.9041011510000003,-1.0666123159999998,-0.629926116,-0.221204399,3.0323092160000003,-1.170431755,-0.25957045300000003
25,1.744996943,-1.488042254,3.83228937,-1.849824771,-2.208763486,-0.521110308,-0.169340164,-2.908790368,-1.88295564,3.3550297430000002,-2.973201697,-1.60952156
26,-0.28950526,-1.539169235,2.581897045,-1.297613744,0.17846916899999998,1.9679046009999999,1.9476859690000001,-1.668050585,-2.064215276,0.49384397700000005,0.046759113,0.003846983
27,1.095346337,-0.401271765,0.95834364,-1.470865281,0.807289203,1.0484140240000002,-1.805949605,-1.879540845,-1.145539767,-1.860362756,-1.114577782,0.34534452600000004
28,0.9244563440000001,-2.1872909640000002,0.030091066,-1.696266105,-0.19173833699999998,0.596188438,-0.789271325,1.180350332,-0.855635495,-0.278389667,-0.93700739,0.511076076
29,0.341436855,-1.86301977,2.139799369,1.0748363090000002,-0.763595015,0.886810835,0.501692357,0.586608358,0.080813235,-1.933324836,-0.567781729,0.322493758
30,1.247191503,-0.101097776,-0.937138272,0.918442254,1.042012243,-0.91970271,0.94773237,0.54451287,2.168583112,-2.312815758,2.637775325,1.79962785
31,-0.597469253,1.688105674,-0.11924288400000001,-0.666103276,1.73255237,-0.331241943,-0.41032195200000005,-0.47815881,1.007605042,-1.163976648,3.6786844060000004,0.41114905399999996
32,-1.342104145,2.05072495,-2.4738357669999997,0.178544139,1.412456734,0.046553109,0.676634783,-1.196258542,1.162250783,-2.639152965,1.029608504,1.97964821
33,0.333677189,-0.991136655,0.088109619,-0.7143388620000001,1.398503808,0.615224309,-1.688060718,-0.245148115,0.562199757,0.008771892,1.237716383,-0.080732771
34,0.423802532,2.809671336,-1.7494137790000002,1.9884253530000002,-0.835759618,-0.135967104,-0.374402485,-2.587348562,3.2310135580000003,0.194499382,2.064044155,0.334227361
35,-0.591935486,0.662046435,-2.0058091719999998,2.433092373,-0.633276969,-0.14484729,-0.324264178,-1.303095377,4.695640438,1.283412927,2.084790332,0.902312129
36,-2.7810587630000003,2.430713582,-2.583627487,2.11141561,2.522620505,0.745005549,2.8397051280000003,-0.363581152,4.465418551,-4.385379972,3.861678656,0.80253744
37,-2.176119098,1.018379797,-1.02325339,1.414177884,-1.250415164,-0.777335817,-0.089717489,-1.56934521,4.814609787,-1.201524443,0.523381138,1.23044812
38,-1.872109284,1.1475299490000002,-1.147710968,0.245289125,0.119714965,-1.894740523,2.389745633,-1.281434281,1.2726346370000001,-0.9957337709999999,2.7410957189999996,0.217126152
39,1.587921797,-0.923676012,0.059300839,-0.644021207,-1.7527312419999999,1.601642472,-0.207894615,-3.350432177,0.559150524,-0.15017715,1.099289083,-1.991171258
40,-1.051554748,2.233572877,-1.646258234,2.7664861000000003,0.615107388,-1.956953277,1.2202722240000001,-2.005248098,3.5987967239999996,-1.7232599419999999,2.0358997469999998,0.429814765
41,-1.8021813569999998,1.1623876229999999,0.36351072799999995,-1.163047697,1.683947976,1.413025019,-1.7349336690000001,0.330145305,2.995295964,0.014104316,4.980227329,0.527700439
42,-1.361477201,0.6552732720000001,-2.05010277,0.7721026520000001,-1.624843339,1.210503116,1.527642315,-2.426711708,1.87045099,0.596030148,0.115819314,1.5215041059999999
43,-0.8408108329999999,-0.48488811,-0.825061389,-0.586372342,-1.4316228659999999,-2.149511239,-0.337946973,-2.4601905619999997,2.545018926,1.117236222,2.223359322,0.165468254
44,-1.112521539,-0.9788947109999999,-0.733327492,0.7381297929999999,-1.925389472,-1.8673464080000002,-0.159488755,-1.008452946,3.617847353,-1.366738583,2.6118968430000002,-0.327911456
45,-2.257964554,-1.278694878,1.09551504,-1.073990994,-0.464714346,-0.8934540240000001,-1.158292266,-2.0782121780000002,2.645745706,-1.8114993869999998,2.370367699,0.533975234
46,-1.9952662719999998,-0.662412618,-0.056589920999999994,0.264315572,0.47015012799999994,-1.1368098709999999,-1.713059216,-0.518323054,0.655267113,-0.877043772,1.263549459,-1.3802790569999999
47,-0.027581114,-2.362430084,2.20728565,-1.049149144,-3.717881963,1.741867724,-1.8688384480000002,-6.705050545,1.164836074,5.1878759919999995,1.0700585040000001,-0.36654060899999996
48,1.769489899,-3.88722468,2.992516629,-2.7689471739999996,-3.174333634,4.139726282,-2.169757879,-7.107897400000001,0.628825129,7.956914557999999,1.595952924,-0.7506067240000001
49,0.052003252,-0.496630525,2.54408869,-0.8007626640000001,-1.5279045690000002,-0.133179567,-1.6260638809999999,-4.968525125,-1.7871752680000002,1.603959835,1.6864806630000002,-2.150904646
50,0.103439469,-1.0134762309999998,0.662915326,-2.656084416,-1.254801798,3.717396108,-0.717365842,-2.556629164,-0.439705402,2.54268696,2.160636293,-1.1431565479999999
51,-1.569214591,1.075581219,-1.529899027,0.004322365,1.030716757,-0.7226675,0.61812271,-1.3473695540000001,0.122458204,-0.023681675,1.6803512669999998,-0.927821255
52,-1.609367095,0.078919267,-0.526825224,-0.814938693,-0.132850398,0.504465432,0.063194696,-0.053592750999999994,0.289123182,1.785977521,0.5590018760000001,-0.12934870099999998
53,-1.349475042,0.674490895,-1.358306667,0.6796347629999999,-0.454605821,-2.1528222880000003,0.576598927,0.637604528,0.7688844459999999,0.291580147,1.326070037,1.698855344
54,-0.525460978,-1.623410676,1.275411462,-1.199079356,-1.7536342969999998,0.522399768,-1.8788610000000001,-3.4847390710000004,0.5329131189999999,-0.8919709379999999,0.526792661,0.182318055
55,0.999992612,-1.8544759690000001,2.9813289089999997,-1.594222385,-2.6030179319999998,1.8914964280000002,-1.349630865,-6.78767843,-2.584120272,1.563875712,-3.266461079,-0.64090033
56,0.486877186,-1.8745336940000001,4.923738183,-2.700218005,-3.50423473,0.8455330259999999,-2.551833951,-4.399113131,-3.404847938,3.598513684,-2.181292446,-1.97396782
57,3.2696256010000004,-3.8581978969999997,3.1772145910000003,-1.7139260719999998,-1.8600125859999999,3.571051873,-1.177011555,-4.512741463999999,-4.695903515,5.094034922,-3.466246192,-1.308449126
58,2.015773195,-1.535108116,4.6918630619999995,-2.323975821,-1.692329502,0.189379784,-2.301788348,-5.114987688,-3.293237547,4.033781128999999,-2.3905675790000003,-0.401551406
59,-0.112138969,0.333710489,0.883253875,-0.20612898699999999,-0.444784915,1.997540006,1.438160099,-1.5538144619999998,-1.322581078,0.38835703200000005,-1.056667947,-0.672479301
60,1.267131643,-1.740365212,0.631515675,-1.432620866,-1.130463451,-0.5192535629999999,-1.093976215,-3.040841045,-1.067407515,0.466770157,-1.5560703830000002,0.72340274
61,-1.291833237,-1.51297139,2.343580465,-1.742220968,-0.951092575,2.181923009,-1.588511086,-0.364917612,-1.216526623,3.497108368,0.623830553,-0.619136393
62,1.5283330780000002,-0.993092125,0.372503983,0.21189430399999998,-0.8092998,-1.551595202,0.61941835,-0.7708138040000001,-0.154106298,-1.549434705,-3.105557143,0.141543229
63,-0.743822979,2.1666932880000003,-0.9440591709999999,0.293747779,-0.065468417,0.877393185,-2.025062993,0.722525675,-0.77948219,-0.316647552,1.061318866,0.9164063490000001
64,-0.73557075,-1.230106816,-0.752812535,0.165026974,0.40734783799999996,-1.808805138,0.839289142,0.563109074,-0.8826356320000001,-0.924016442,-0.410060225,0.23753389600000002
65,-1.269676665,-0.096243871,-0.871832279,0.682408059,0.002318511,-0.531725199,0.830088748,0.881591208,0.646841555,-1.738407435,0.21015479199999998,0.570470984
66,-0.009266606,0.226847102,-2.474174728,1.6681859959999998,0.879231505,-1.515915624,-0.39136261200000005,0.36821683,0.952799878,-0.45815027700000005,1.4368074080000002,1.2033127190000001
67,-0.135854312,-0.140263529,0.263245904,1.4343685259999999,-0.912113159,-1.107180867,-0.214063581,-0.254041281,1.395510681,0.306936822,-1.030801243,-1.8638421369999998
68,-1.2408458820000001,1.4190418009999999,-1.6988648030000002,1.861602987,1.525953342,-2.077920573,-0.296165086,1.546867339,1.52817777,-1.21744162,3.569502726,-0.220224047
69,-0.751607534,1.2214507209999999,-1.35445137,1.56837506,2.085107,-2.076690693,2.243377754,0.7042304159999999,2.1237590980000003,-3.725929453,2.164147898,1.09259744
70,1.342014575,-1.1527868940000001,1.708876871,-0.039436465,-1.072296814,0.423644769,-0.5241826239999999,-1.635372693,-0.96961258,0.715716557,-1.5508616640000001,-0.59481418
71,1.445989664,-3.455390008,1.3487700569999999,-1.510384014,-1.4146013990000001,1.9541307190000001,-1.9307853719999999,-1.814707465,-2.671442387,0.463131755,-2.9424364119999997,0.449002866
72,1.96735389,-2.281845141,3.485141828,-2.2707592290000003,-2.892280641,2.234350729,-1.9443526169999998,-7.20405038,-3.698135096,3.51042837,-3.395548121,-2.8295046310000003
73,1.250816782,-3.2982600860000004,3.019681363,-3.0546158610000003,-2.347892948,2.315914128,-1.687022714,-5.49360582,-1.713510871,2.7325665210000003,-1.28126945,-1.95000758
74,2.599557505,-2.193487279,4.25054112,-1.52358101,-2.439175666,3.26533653,-0.094300754,-2.655965721,-4.191811132,6.099472613,-2.119266829,-1.093351177
75,2.5999636809999997,-2.562951642,3.6107886110000003,-1.8527807459999999,-2.8746435389999996,1.3750541859999998,-2.640280796,-6.289796104,-4.556870893,1.77946462,-5.459222475,-2.01683845
76,1.6404123780000002,-2.596992654,2.391280608,-0.346331741,-2.522946357,0.555876017,-1.0441235290000002,-6.509395951,-1.4544581419999998,3.575104381,-4.24959553,-2.5384239159999997
77,0.904281166,-2.915278536,3.2857390539999995,-3.533116325,-3.8474039010000003,2.8935496510000003,-1.87495213,-5.089664351000001,-4.158203789,3.234218508,-2.406304318,-2.946248606
78,0.579224215,-1.7083541469999999,0.28000674600000003,-0.9951960540000001,-0.606175009,0.822302476,-1.211503307,-1.071417764,-0.257436492,4.193803753,0.500859407,-2.025773387
79,0.332802303,-1.3239341279999999,-0.49661485299999997,0.54249474,-1.381555347,-0.11666041099999999,-0.18469627600000002,-2.957677325,-0.673541339,2.578753059,0.40006038200000005,0.548323295
80,1.0312038540000001,0.045853917,1.061767616,-0.940663968,-0.08009888,0.561508586,0.698302057,-1.269544064,-0.737311128,0.9648612990000001,0.18612103600000002,-0.211374912
81,1.517328746,-2.1234288169999997,1.872869961,-1.09581227,-0.513269188,-0.7624895509999999,-0.752479949,-1.6999495619999998,-0.575903921,1.3479297719999999,-1.803263846,-0.459449341
82,0.249023131,-2.021862931,2.0320502559999998,-2.468024082,-1.801952152,0.583550875,-0.764667181,-3.004502811,-3.528416472,0.003217128,-1.4096420490000001,-2.130387672
83,1.161390062,-1.891369712,2.887171258,-1.721092482,-2.222203746,1.754775751,0.18304398600000002,-1.983112882,-2.9780120610000003,2.351217443,-0.49245433299999997,-0.479085851
84,0.15005744599999998,0.48355305600000004,0.563534954,-0.545871419,-0.7549980559999999,2.16650909,0.42016405799999995,-0.6163099360000001,-1.22872329,1.493194198,-0.45581603200000004,-0.759234477
85,1.707622374,1.9237453080000002,1.578194682,0.788437332,-0.41459914,-0.5763633779999999,1.5991999609999998,-2.464365918,-0.307211152,1.92639719,-0.557690813,-0.125595024
86,-0.8134530959999999,-0.37061362200000003,2.438917315,-1.058925359,-1.235090233,-0.635332801,-1.406332996,-0.302741183,-2.295540366,1.9124399319999998,-0.8384596529999999,-0.21437455
87,-0.23025893,0.134867517,-0.424418361,1.483930734,1.306887425,-0.6732815670000001,-0.396271451,0.981409471,-0.957220648,-0.724985168,-0.6098416,0.6570588589999999
88,0.004108189,0.277819237,0.757799109,-1.708157329,-1.997224605,2.01686309,-0.78697213,-0.7387054270000001,-2.22555453,0.158377625,1.353113489,0.015660283
89,2.262894928,0.7837917529999999,2.5444840159999997,1.615308221,-1.607062861,2.2287196,-0.018293299,-2.075032457,0.78853715,2.119598767,-2.676169937,-0.5539016410000001
90,-0.974404398,0.749726434,0.332395971,-0.20706507899999999,-1.273106465,2.464827728,1.015859984,-2.111092007,-0.056064377,0.8374001120000001,-1.181879134,0.0016788179999999999
91,1.2469111640000001,-1.123195078,0.350292774,-2.536725865,-1.525203726,-0.25239774600000003,-2.969782265,-3.0664367219999997,-2.121839413,2.392378253,-1.026171256,-1.622694556
92,0.8252561279999999,-2.1401151880000002,-0.528151757,-0.435981564,-1.2441293279999999,-0.24808949100000002,-1.393966754,-3.891995493,-0.971478981,-1.67418304,0.527115025,-2.417743437
93,0.17554016,2.132353149,-2.397705159,0.355981934,1.7876081819999998,-1.907404001,1.447933734,0.00795526,6.774136969,1.1581926809999998,4.751203645,1.0371543970000001
94,-2.154890019,1.688792869,-3.657067959,2.851419873,1.52952624,-2.74363217,0.349511456,-1.50006689,5.500520842,-1.824482271,4.447059424,0.602537807
95,-1.9957302319999999,1.007124726,-3.160296943,-0.11579744300000001,2.100800336,-0.012264483,-0.578767516,-3.238710536,3.446295957,1.782680649,4.553062709,0.124763514
96,0.056783482999999996,0.07871468599999999,-0.734304658,1.058524513,-0.175528508,-1.063931629,-1.295777135,-2.559083864,4.58762266,-0.330063875,2.82748445,1.27366433
97,-0.07514641400000001,-0.7407880240000001,-1.244925062,1.219268636,-0.76790692,0.972224445,-0.943812194,-1.3686323009999999,3.307048519,-1.9583349319999999,1.799015426,0.614984585
98,1.1604949070000001,1.095036836,-0.271550326,1.3947199190000001,1.4655832,0.964623845,-1.5144438409999998,-1.8424636580000002,1.991762944,-0.632473894,0.529791655,0.125236079
99,0.036805514,0.8475033479999999,-1.20270005,0.531635772,0.09081192,0.702010056,0.5713628479999999,-3.223796643,0.861268252,-0.830144656,0.899244268,-0.648631046
100,1.7854709659999999,-1.040279595,0.954594743,-0.880330321,-0.5041003239999999,2.164483072,-0.096683684,-5.445981493,0.28638281600000004,0.517242789,-0.152209965,-2.631724262
101,1.34840316,0.271672978,1.455628834,0.110105038,-0.24064405100000003,-1.318587715,-0.015973014,-1.5642040819999998,2.2132066519999998,1.174944887,2.176546857,-0.289574973
102,0.153257192,0.22108066899999998,-0.156476096,-1.8942340359999998,-2.175494914,0.551044712,-0.582056429,-6.763109345,1.006434697,2.353206793,1.566522626,-1.010168847
103,0.66543495,-1.839451608,1.847629089,-0.226955847,-1.098548791,0.19542109800000002,-0.900184655,-6.312126521000001,1.246140944,-0.235182938,0.960542267,-1.46002513
104,-0.19334507,1.6275560269999998,-0.984347636,0.952149748,1.648787026,0.420260743,1.915948129,-1.08639486,4.554716787,-2.190634649,5.210550592,0.77218254
105,0.611637137,-0.52929111,0.68015895,-0.720057431,-2.105839399,-0.981709519,-1.479868437,-4.230106408999999,0.23591558399999998,1.33274278,0.778310809,-0.9055859909999999
106,1.8900262330000002,-1.871775866,1.4530369380000001,0.267723143,-2.695197345,1.4689769940000001,0.489862178,-5.893908969,1.794382465,2.87723105,0.952728421,-1.746909356
107,1.229901546,-0.042085519,0.27815286,-1.201791478,-0.19615515600000002,0.728425232,-2.603947418,-3.866209651,0.174220915,1.5602961290000001,2.234191386,-1.664078626
108,0.46659094700000003,0.45481314,-0.677941004,0.255172213,-0.324727741,-0.35988069200000006,-1.127142152,-6.414708706,3.2847324110000002,1.4782185630000002,3.1164052260000004,0.019888247
109,2.064104915,-1.395033718,0.518790486,-0.847789281,-1.081752847,0.5099001329999999,1.247072379,-4.413941278999999,3.2228147480000002,5.024449624,3.4705922389999997,0.405106753
110,2.484332554,-1.3690058809999999,3.2645615880000003,-2.569441796,-0.477753617,2.5134696709999997,-0.519330736,-6.093344546,0.6512493420000001,2.655959614,3.151353523,-1.202009724
111,1.791103324,-4.478426111,3.6438857469999997,-0.5730427370000001,-2.615746222,1.013061873,-3.166164827,-10.25631705,0.491652191,5.62271708,0.025530728,-2.660437255
112,2.2263782180000002,-2.7787124339999996,3.469848393,-1.449299247,-3.221652132,1.9355265469999998,-2.557333662,-7.913824501000001,0.004080337,7.592729092000001,0.7089520309999999,-3.0195479560000003
113,2.52814313,-2.259269051,2.445332702,0.340785756,-0.8846112140000001,-0.080376771,-2.509695094,-3.288857223,-2.410893957,4.165680624,-3.8682524430000003,-0.56668769
114,0.407342374,-0.45329709100000004,1.062528228,-0.18410904,-0.34104870200000004,1.5985227469999999,0.949779015,-1.301200219,-1.017572661,-0.075618238,-1.252039264,-0.40092431
115,-0.868420518,1.5682246469999999,-0.043677469000000003,2.524426744,1.224418869,-0.00127232,-0.136998546,0.42053178,3.542638111,-3.6855326739999996,2.433963847,2.493032064
116,1.188080309,0.221969935,-1.3915963080000002,-0.6800972340000001,0.330096729,0.218920754,-0.12124700000000001,-0.646534774,0.435933542,-0.430837605,1.610880776,-0.333410484
117,-0.09184226699999999,1.487949854,0.5467765139999999,-0.244079059,-0.88791404,-0.741282915,-0.46574238,-0.50922198,3.103808125,-0.844141923,1.886015029,1.554999569
118,0.126642452,1.079340368,-1.71727095,1.3539262580000002,0.9291271879999999,0.469744489,2.0363058240000003,0.776078624,0.949852433,-1.6072439459999999,2.628767795,1.4057034469999998
119,-0.009560075999999999,-1.17886799,1.233573161,-1.367887639,-1.823158209,-0.26387862100000004,-1.570392136,-1.637008002,1.604049887,0.8067873170000001,1.121619002,-1.0422171
120,1.42544519,-0.758927483,1.7381363509999999,-1.527769766,-0.258831696,0.053440212,-1.554049443,-2.9069908769999997,0.9147445540000001,0.40425552600000003,-0.7034949220000001,-0.341910115
121,0.274375188,-2.344487006,4.8889928430000005,-2.495544793,-3.557533748,1.973636596,-2.255798031,-8.218637603,-1.7531357140000001,3.1137139080000003,-1.4056702680000002,-2.2686072
122,3.65400461,-3.230492936,4.2697419619999994,0.010246238000000001,-1.0192239840000001,3.180699655,-1.1249074079999999,-5.0213809430000005,-3.347909118,5.8139146539999995,-2.1315407509999997,-3.111569025
123,1.168792657,-1.066351235,0.7793612990000001,0.18711787300000002,-0.97901939,-1.948045144,-0.126134661,-4.440720788,2.097588606,-0.28581656899999996,-1.163722035,1.140407172
124,0.031264315,1.224312377,-2.287685494,-0.502194405,-1.228292919,-1.925652184,0.916506266,-3.39532022,4.753692257,0.763221783,3.289055771,0.24930585600000002
125,-1.152556335,-0.159908267,-2.204241642,0.9628487840000001,-0.10349542199999999,-0.492315003,1.169329025,-1.276467898,5.190952083,-0.116983879,4.662730565,0.262715425
126,-2.469951778,0.7205486940000001,-0.9318697359999999,-0.576018472,0.8495320359999999,-0.477119385,0.06652196099999999,-2.7997792660000003,2.567379204,0.066433114,1.348186774,0.26209137600000004
127,1.99026515,-0.017803885,0.970839993,-0.20555866899999997,0.36026832200000003,2.3083264,-0.811741987,-1.243065824,0.08976364699999999,-0.873055183,1.3624076619999999,0.8461539309999999
128,-0.300745831,-1.574985918,-0.690059135,1.3866325119999998,0.428381333,-0.706137736,1.394147662,-1.077389861,0.6519137389999999,-2.71693299,0.990157787,-1.4899684380000002
129,1.190699107,0.06591624,-1.085549687,1.7910106890000002,0.403054019,-0.691545994,-0.55073385,-2.159981553,2.128878054,1.446005165,1.237553408,-0.564266045
130,-1.02804675,1.6506529630000002,-1.125491043,-0.418681209,0.156112223,1.082445231,2.725396293,-0.06301358900000001,2.1275766519999997,-0.232833697,2.453039941,1.3238683690000002
131,-1.172833145,1.445773472,-1.40545724,2.339626871,1.534933484,-0.143097948,0.684439453,-1.223569698,1.215082977,-0.394796321,0.960784704,1.930929334
132,-1.00625834,-0.638874819,-0.08806984400000001,-0.06924955099999999,-0.264164259,2.0356868340000003,0.6504269570000001,-0.170710912,-0.428149241,-1.030741332,0.751926657,0.013668366000000001
133,-1.29114639,2.432510232,-6.353610687000001,2.555051574,3.239599981,-2.664538062,1.578196369,3.742518281,6.134576549,-3.6563195580000003,3.1005336039999998,1.8110379680000002
134,-2.282334959,2.928843867,-4.53982781,1.989586412,2.792349052,-0.32385342699999997,1.074406016,4.102006497,5.5709343570000005,-5.7639010079999995,3.7709045889999997,2.1852695630000003
135,-2.156671418,3.0448176160000004,-4.633917598,2.9689252760000002,3.331295735,0.17867484399999997,1.898084501,4.23513365,4.158374587,-5.070049426000001,3.142611893,-0.127722419
136,-0.612665594,1.401882202,-1.344230679,1.927298091,2.532747728,-2.70498009,0.742047137,0.240777005,4.509359516,-1.67195887,0.539787493,0.9699525609999999
137,-1.1439188359999999,-0.7228497559999999,-0.325376898,1.005384284,-1.3668119369999998,-1.8734022430000001,0.652053684,-0.572183646,-1.119846336,-0.9698596620000001,-0.828335445,-0.679996388
138,1.6417641490000001,0.027974309,0.34138498700000003,1.194462439,-0.9972837459999999,0.22420526300000002,0.313168447,-3.28762138,0.8649537009999999,0.322984835,-0.188565863,0.9229857929999999
139,0.763290639,-3.280184737,2.365269472,-1.945097799,-4.186490008,1.480159644,-1.544357948,-3.4728703089999997,-2.258621259,1.6032654769999999,-0.144058871,-1.933217585
140,0.9214033559999999,-0.759228681,0.809622495,-1.0886869270000001,-1.2962266820000001,0.537636785,-0.0741082,-3.721471565,1.6491546540000002,5.090335077,-0.39853815200000003,-0.070475904
141,-0.44012861,-1.086651362,0.528574026,-0.616295509,-2.227566162,1.040758775,0.504495102,-2.321757748,0.159219995,-0.801879518,0.818593536,-1.921936869
142,1.482925254,0.25075579,1.1338778090000001,-1.03270316,-1.4689362830000001,0.309805332,-1.446385192,-5.251086354,-0.6591718679999999,-0.643707713,-0.348394414,-1.483462914
143,1.302329102,-1.709309336,2.0435862119999997,-1.873344542,-2.386490647,1.000200296,-0.822072679,-7.309584855,1.70974497,0.731741987,0.629010698,-1.83980946
144,0.519821769,0.163363085,0.9616142209999999,-1.172698354,-2.225653362,2.369396895,-1.239430767,-2.908030807,0.625763729,1.569514132,4.709512889,0.179503875
145,0.139831271,0.076253186,1.178408657,1.372853619,-0.13931453,2.528283116,0.6771675779999999,-4.22010059,0.87687499,0.9364405659999999,2.139877355,-0.942188163
146,0.549390519,-0.291731535,1.5157695930000001,1.011640803,0.7372899079999999,0.377547675,-0.608562578,-2.721068429,1.6277124790000002,-0.84021139,0.147777965,-1.94010452
147,0.731962694,-1.274067262,-1.713343628,0.459879427,-1.554397896,0.9620000879999999,-1.218536147,-1.007051549,1.188495357,-0.8428632429999999,-1.10094711,-0.22126188
148,-0.41495909700000005,-0.51835499,0.529814961,0.29765508399999996,-0.643679882,1.144836914,-1.840537189,-2.7138447560000003,1.673945746,0.95437561,1.3671926069999998,-0.6334719089999999
149,-1.125745375,0.648954165,-1.116058998,-0.004602374,-0.849527606,-0.416923196,1.246946146,-2.115041509,4.600770612,-1.406189462,2.012055689,0.467040671
150,0.8168131479999999,1.57965214,-0.507509906,0.7615121690000001,0.940189347,1.305643332,0.64210629,-0.596770142,3.161897629,-2.9914057169999997,2.397461145,-0.046911206
151,-2.016789516,0.6476595589999999,-0.463845984,0.603283356,-0.8278995509999999,-0.173504823,-1.469385919,-1.670768111,2.300287392,-2.627864598,3.6747218889999997,1.9979678619999999
152,-0.981760464,-0.8819832190000001,-0.155434174,-0.415367508,0.189804122,-1.057391872,0.331282615,-3.977969421,4.674197042,4.000144162,1.883136064,1.100587163
153,-0.033218864,0.859749923,-0.98769923,-0.947615798,-1.510565837,-0.12772134699999999,0.521920458,-2.6409058180000002,1.3483085330000002,0.336147839,3.4252743089999997,0.191177021
154,-0.49535154299999995,-1.032915316,0.768524888,0.8151759390000001,-2.373250509,1.4853128119999999,1.069796773,-2.392417664,1.4062944380000002,-0.15027968,2.2198174969999998,-0.19166607100000002
155,-0.34822050200000004,0.21196342199999998,-0.432458154,-2.48069183,-0.55993267,0.457501366,0.5393969279999999,-2.471786324,1.168024478,0.09346329099999999,0.95188622,0.599618313
156,2.402063134,-1.85457436,4.313284474,-0.710311861,-3.224056565,2.1254713240000003,-2.059192903,-8.593430092,-1.674938139,4.4340828960000005,-0.034277859,-0.571020227
157,0.580149574,-3.0305885310000003,3.336608436,-3.0467410810000004,-2.546581276,2.2734101190000002,-2.444265652,-7.3847443660000005,-1.800178714,3.489081304,0.17476306600000002,-0.610767211
158,2.395471663,-1.564902239,1.201416477,-2.02122469,-2.182933882,0.613735612,-1.6318726430000001,-6.47340923,1.373500493,1.714013625,-0.17247420100000002,-0.459880791
159,1.191967012,-1.85361862,2.236595145,-2.592487823,-1.654577108,1.35955598,-2.8188592139999997,-3.422172755,-3.2497086360000003,4.330930389,0.923300353,-1.9702759630000002
160,-0.730703903,1.8671142180000002,0.042651532,1.868654042,1.673853838,-0.630538155,0.038970699,1.91794285,4.094372643,-2.7869523239999996,3.372236866,1.076257593
161,-2.211497306,1.613337431,-2.001853596,-0.18465089399999998,1.864579716,-0.649554964,-0.111999128,2.126816509,5.044412282,-1.3754945680000001,4.120641637,0.416936708
162,-0.123343996,-1.907777627,1.1055394029999999,-1.710978401,-1.2655168509999999,-0.35216726,-0.335341922,-2.586427034,-1.7041072419999999,2.004853732,-1.0766813240000002,0.618486023
163,-1.60823392,-0.860896117,1.070205366,-0.213044788,1.590022885,0.450757512,0.929971303,1.8949487409999999,-4.735144854,-2.93238457,-3.653789779,-1.334916994
164,-0.0010077999999999999,0.9683158829999999,-0.665736536,-0.810480303,-0.633699634,-0.801961209,0.824165794,5.570936961,-2.318432987,1.303941448,-1.3365913,-0.365075748
165,0.733783155,-1.345317053,2.2866030840000002,-0.00806024,-0.9661545090000001,0.211181123,-1.1017709070000001,0.12260486400000001,-6.007166112,3.298579487,-7.430776742000001,-1.950346127
166,1.144344316,-2.311076431,5.076298907,-2.6546325019999997,-4.207003273,0.253075057,-1.17205838,-3.447391265,-3.897542219,2.764859977,-4.541715297,-3.2683236289999997
167,0.230087061,-1.69415873,3.515000352,-2.088070284,-3.856390803,1.175464089,-0.719262024,-2.091402835,-4.43746992,1.5737289280000002,-2.081715685,-1.643662184
168,0.803383492,-0.515327956,1.447349009,-0.795246802,-0.546651945,0.591703416,-0.015046047,0.29244465199999997,-1.262290009,1.3399326059999999,0.013172323,1.061357951
169,2.686220713,-2.1306466840000002,5.522900258,-1.47530921,-0.30644199,3.0447070419999998,-0.860571089,-1.290887406,-4.115073491,1.034806924,-5.638457222,-1.248670467
170,1.430660715,-2.812879178,3.7851277839999997,-2.954172158,-2.485905672,0.743079713,-3.54659577,-1.6059481880000002,-6.820834897999999,1.1188377459999999,-2.7038837460000003,-2.7693078360000003
171,3.214601423,-3.87308347,4.9060197830000005,-3.059214789,-2.669669745,2.067653447,-0.9570881809999999,-2.0962611669999998,-5.870936042,6.506256087000001,-5.112650676,-2.076191651
172,2.256934284,-2.079869888,5.146228125,-2.688612692,-4.349161905,1.8554563519999998,-1.200177064,-3.178525348,-5.7265643939999995,1.310453983,-2.3520616359999997,-1.5226261840000002
173,0.921701491,-1.099074743,5.622383697999999,-3.267073822,-4.1845530339999994,2.746604387,-1.4553561769999999,-2.40566054,-5.353667158,5.345445673,-4.538663018,-2.243086401
174,2.924984593,-5.0004539669999994,6.055735983,-2.8669213410000003,-2.738492569,4.104456849,-1.1931337340000001,-3.649437312,-7.147004126000001,4.542892079,-6.312418345,-3.4209098780000002
175,2.991224538,-4.19813376,6.592743635,-4.742042537,-5.0302763630000005,2.00297344,-2.029067927,-5.261727068,-8.625380882,5.405326033,-5.525549265,-4.545425709
176,3.6211546310000005,-6.59322157,8.479474318,-3.8053276030000003,-5.564577862999999,3.832413688,-2.469460626,-5.2942528939999995,-10.54482908,5.997565463,-5.970644902,-4.268234679
177,1.180300252,-5.229600077,8.585847192000001,-4.780778413,-6.168724652000001,5.829161442999999,-1.878951558,-5.771746219,-7.672209085,5.434325712000001,-5.316244581,-2.831973295
178,3.0962156469999997,-5.491385884,6.26938297,-5.016381505,-5.086941422,6.327723259,-1.310895199,-6.096765031,-6.510007435,2.435110689,-4.091040148,-3.867237305
179,3.1661542839999997,-3.566356475,6.438877452000001,-3.208301815,-5.720177259,2.407582212,-2.665823116,-7.200221135,-6.101676435,5.654841226,-4.881594035,-2.91298947
180,2.035308473,-6.494626865,6.168369433,-4.208959547,-5.9425699739999995,4.057673075,-2.989479433,-4.409579746,-7.56644636,5.772520546,-4.255558077,-3.6845973410000004
181,4.455812575,-6.479972807,5.396206648,-5.053290989,-3.6010926110000003,3.097195183,-2.745031785,-5.392737301,-8.024043456,5.984807991,-5.454481916000001,-3.553637029
182,2.3895202909999997,-4.068286245,6.669227405,-3.863288527,-4.400451373,3.749893575,-1.5898468369999998,-3.4911057660000004,-9.287755679,5.720550423,-5.325745503,-2.502976201
183,3.835865314,-4.1347243869999994,6.420813224,-5.90878466,-3.9919237589999996,2.9708566960000002,-3.2602104539999996,-5.68216117,-8.524277188,2.832432003,-7.309832317000001,-3.3584534610000003
184,4.5161217019999995,-4.4995199910000006,5.246044152,-5.063410617,-3.865855652,4.718010536,-5.332451328,-4.53951143,-7.2470445670000005,5.803879553,-5.960827561,-3.2785198460000005
185,2.0119921730000003,-2.943493403,5.0223855230000005,-2.025474769,-3.1404263980000002,2.954935807,-0.05896751,-5.317026573,-7.390563985,5.363811911,-5.7407553479999995,-3.1691971469999998
186,2.107413081,-1.364444489,3.3210636260000004,-2.8231298280000003,-2.674487274,1.175957618,-1.775276478,-4.095669364,-4.263990955,3.326365889,-3.8236736089999996,-2.8534558010000004
187,2.056080278,-1.2260139620000001,2.785635787,-1.850325414,0.079963516,-1.294003538,-1.451596457,-3.484913698,-0.33908816299999994,2.366872916,-0.262696512,-0.43372542
188,1.655691034,-1.9252703869999999,1.679752071,-0.22608893100000002,-1.00828536,0.402967819,-1.459696774,-0.900278865,-0.758602488,4.0887615660000005,-0.211253831,-2.085346013
189,1.965322374,-1.36065164,3.092851975,-0.184333172,-1.021590935,0.899974099,-1.022682336,-2.186194923,-2.399352473,0.60214228,-0.7429584570000001,-0.239776038
190,0.6128256360000001,-2.026057951,2.946191162,-0.815227227,-0.817608267,0.8681137590000001,-2.246629127,-1.199596441,-1.3518974,2.366938044,-0.9319013840000001,-1.000301035
191,-0.381883976,-2.7354164969999997,0.8639653420000001,-2.032176093,0.35222949600000003,0.6356087770000001,-1.485353022,-1.05881669,-2.2896142619999997,0.193371989,-2.9158089780000003,0.00408616
192,0.42274382200000005,-2.1549654030000003,3.735087361,-2.216433952,-0.651056675,1.9284642109999999,-0.927766778,-1.817141057,-1.956276544,2.233405099,0.594805756,-1.246494264
193,0.8128358440000001,-1.485305995,0.827810632,0.602621607,0.209681528,1.61565883,-1.090820237,-3.084241065,-3.1186380010000003,0.08290639799999999,-1.603508036,-1.593145586
194,0.883362361,-0.642431561,-1.133409747,0.705359547,0.38861714799999997,-0.21460780899999998,-2.282298871,-3.28371553,1.434685919,0.21243277600000002,1.961411354,-0.419508418
195,1.967588519,-0.8637737240000001,1.327340301,-1.295831874,-0.8804084529999999,-0.163828365,-0.971142562,-1.640733727,1.8097290369999999,-0.691137308,2.3062179990000002,-0.5413107739999999
196,0.233886266,-0.272774664,2.7047867080000003,-0.668561035,-0.922551346,0.191815677,0.02582923,-4.9146899930000005,1.08075765,0.438571395,1.3690333369999999,-1.491636499
197,-1.0732658990000001,-0.7907870770000001,0.855722925,-0.03226623,-2.356091563,0.926318979,-0.011003373,-4.160331821000001,1.784738485,2.7659000519999997,-0.23676332,0.07789495
198,0.275701394,-1.7965360330000002,-0.148878066,0.5128899570000001,0.39178247,-0.402990234,0.398320616,-0.744944677,0.8148380759999999,2.625279505,2.629836089,1.4637950430000002
199,-0.152732523,1.850808068,1.9055870719999999,-1.190168989,-1.247041578,1.5449559030000002,-1.5807144119999998,-0.8983291409999999,1.500867075,-0.607253548,2.049008711,-0.71858535
200,2.0063504340000002,0.088388835,1.657268236,-0.722332833,-0.542946687,1.4585964669999998,-0.625200505,-3.180530651,1.9022712169999998,-1.321196464,-0.7369720259999999,-0.647099392
201,0.750825541,-0.953851343,2.450590896,-0.059477514,-1.3432202219999998,0.746138358,-1.3715810730000002,-5.8192365520000005,0.014996501,4.463472639,-1.5858675930000001,-0.885384308
202,-0.385617699,-0.060848278,-0.919816825,1.538031396,0.285426623,0.36971131100000004,-0.645899346,1.8924815330000002,-0.059779537,1.01280019,1.031956328,-1.083261034
203,-1.5783457019999998,-0.304591485,0.217941375,0.1440573,-1.194690658,1.158164866,1.1918413429999999,-0.493573737,-0.48280549100000003,0.307622479,-0.8242628540000001,0.17792714
204,-1.016086604,1.783498015,-0.55396359,-0.36280577299999994,-0.551434606,-0.545088212,-0.058834332999999996,1.509807621,-0.352566886,-0.503745036,-0.879650127,1.3455877
205,0.881048212,0.546001498,-2.177782113,0.406653596,-0.079775887,0.337720927,1.550335994,1.51015284,0.429319248,0.313256826,0.26780132100000004,2.180564856
206,1.6043206319999999,1.833383785,-2.062800663,0.08472530800000001,0.8898698420000001,-0.24149937,2.167950189,-0.295428832,0.730643046,-1.846066657,-0.170214526,1.345597855
207,0.41473163799999996,1.274794564,-0.563619136,0.6517058000000001,2.213420691,-0.79236996,0.22973190300000002,0.536651772,0.973158095,-3.6186910130000003,0.097752403,3.023557989
208,-1.032578089,1.25192111,-0.338526932,1.738707954,1.410171268,-0.229742335,1.23840129,2.25886014,2.2976483869999997,-3.740178315,0.7743351359999999,0.190243839
209,-2.576792088,1.495749574,0.18838162600000002,0.527082652,1.7084824269999999,-1.4226241519999998,2.34196441,0.946153743,1.445947522,-4.558232327,0.162201544,0.6341094829999999
210,-2.102799095,1.735515712,-1.768373634,1.712743075,1.772529875,-0.5159785379999999,1.280191048,0.131714675,2.681417091,-4.093702957,2.12683887,1.062124232
211,-1.830702536,1.6228517530000002,-1.849417446,2.006155218,3.484142667,-1.060050946,0.989749749,2.298453813,4.5010402339999995,-2.409497325,1.320173893,0.766065294
212,-0.720642874,1.49994666,-2.148809494,2.764440154,2.5400952980000002,-0.156235521,1.994009041,3.722775915,1.019700274,-1.0136558009999999,1.004941613,0.360593525
213,-0.133865844,3.5526144210000004,-1.092516326,0.8458732609999999,0.90147654,-0.536719403,-0.0037389909999999997,3.1895344569999997,0.523366372,0.982455228,1.901275363,0.643712053
214,0.368658009,0.7905453309999999,-1.002100755,0.521688162,2.2456472080000003,-1.060527056,-0.45001423700000004,0.7767940459999999,1.082346593,-4.156755556,1.176420779,0.084996338
215,-0.698872611,2.541860294,-1.40485072,-1.3709715040000001,-1.493714514,-1.4561548380000002,0.446356171,1.029277009,1.9844346940000002,-4.548264131,0.804935156,2.5559069169999997
216,0.20445381199999998,-0.262466724,0.189741362,-0.12973425,-0.9026089559999999,1.023814704,-1.8649054,-1.21165894,2.357102083,0.982857622,1.40269517,-0.7679300590000001
217,-3.06963038,1.696915313,-1.848561272,0.978378502,2.0199030369999997,-2.46009835,0.49808394799999994,-1.6010785440000002,2.798398019,-1.261953397,1.2614676409999999,1.6444802059999999
218,-1.3925285969999999,1.1500901140000002,-2.390227571,0.5347513079999999,1.14936944,-2.7413784430000003,1.692814059,-0.44282250100000004,4.265622093999999,-0.807575849,2.8020644189999997,1.0024861790000001
219,0.20364810600000002,2.371217784,-3.113909465,0.736952463,0.284651075,-1.320272645,1.61446179,0.381291473,2.824105227,-1.770663352,3.370536687,1.3544638740000001
220,-0.685074938,0.338136954,-3.607442383,1.6692866030000002,1.030940575,0.290059274,0.820056398,0.072048211,1.9314448030000002,1.074142788,2.5564038119999997,0.85982479
221,2.8821144610000005,-0.221077417,-0.785320998,0.7445528090000001,-0.563990116,1.64734094,1.23642903,0.903365986,2.605818184,-1.263463541,3.251269605,-0.732673204
222,0.462868824,0.399490691,-2.013825801,-0.687886205,-0.183534955,-0.656954774,0.562065337,0.377128917,1.2030812929999999,2.7153680330000003,1.7400187059999999,-0.653488315
223,0.18106461,-1.255067605,0.160811377,0.39609679799999997,-1.322632655,-2.007057402,-0.429062648,0.512624802,0.46975658299999995,-4.025118036,-0.974848268,-0.902384986
224,-1.683885595,2.248589829,-1.860406014,2.585243702,2.2869885030000003,-2.173153177,2.40001248,1.107119827,1.8746713940000002,-1.9617566869999998,0.290790898,0.778742475
225,-1.8128635080000002,1.848357379,-0.693002043,1.408899272,3.047452313,-2.126118127,3.262582983,1.8015293330000002,2.82400385,-1.849447935,2.8733578580000003,0.510230092
226,-0.987447766,3.2991562780000003,-2.984133613,4.114661032,3.271255187,-2.977510733,1.6578856030000002,5.345491223,3.60986335,-1.731548568,3.089412942,1.690605938
227,-0.41020470700000006,1.293108801,-3.2955082769999997,1.103101347,3.439477324,-0.056628778,2.634708409,3.1563390410000003,2.524966045,-6.080336192000001,1.401641985,3.5518540610000002
228,-1.772906268,-1.0351535570000001,-1.356147367,0.438823973,0.658705561,-1.278890031,1.02081906,2.833852474,1.3406295209999999,-1.3928432119999998,2.2145324730000002,-0.12449974
229,-1.5161280730000002,-0.43165929799999997,-1.8145995990000001,1.605923737,1.267942849,-1.981011286,0.560885301,0.07340268400000001,3.06988674,-1.293405517,0.8026771159999999,1.802632305
230,-3.134083576,3.9268396639999996,-2.336822744,3.325719873,1.9690216680000001,-1.040267507,1.9048300980000001,-0.546441625,4.654182736,-2.179484791,2.295220562,2.8289069510000004
231,-0.392276619,2.623599985,-4.629733936,1.861844829,2.38818415,-1.12609447,1.8347823540000001,1.412182599,6.980620715,-0.180874272,7.004244984,2.0186528569999997
232,-1.0854740459999999,2.067947265,-6.318443554,0.46714113399999996,3.03780952,-2.117999289,1.377402115,0.71729628,5.764534281,-5.923909585,4.8409729960000005,1.889344208
233,-1.4704333719999998,2.869867017,-3.738662348,2.860756178,2.532028765,-2.108920649,1.8536952219999998,-0.253180385,8.32155649,-4.194594645,5.086581171000001,1.613558888
234,-2.14386224,2.200632004,-3.308774043,3.610159997,3.267352203,-0.56892606,0.799043438,1.615088291,7.677885534,-2.633534037,6.509726742000001,4.506113611
235,-0.400565584,3.74723431,-4.5721221430000005,2.6486873930000003,3.233969079,-1.6734171290000002,2.135968495,-0.391549969,7.187249942999999,-5.491929001,6.343839958999999,2.766008395
236,-1.321723311,2.374813415,-5.295919456,2.4851847719999998,4.620858762,-4.0915972410000006,3.063829347,-0.93572815,7.679183847000001,-1.582055205,4.479912827,0.8722346959999999
237,-2.393065018,5.242002416,-4.646228978,4.538227237,2.706121623,-0.631194691,4.283509413,1.891330657,7.903667283,-4.552437245,3.9770125939999996,2.273955019
238,-4.0009037460000005,1.745917893,-4.316326479,1.216723268,0.338320193,-2.183523095,0.18048730899999998,-0.616434252,4.802115088,-2.9529037139999996,4.608215307,0.580193023
239,-2.167429881,0.492043028,-0.706769814,1.0455970909999999,-0.453690442,0.546718645,-0.5249612229999999,-3.9956076460000003,3.187414782,3.6590008110000003,2.888597967,-0.15739441
240,1.104826768,-1.271040736,-0.075041732,-0.8614171409999999,-1.713945651,1.005811255,0.732656926,-5.832825895,0.589439026,3.0557304480000003,2.095483157,-2.31502896
241,-0.651621208,0.365988938,-0.107651636,-0.088203545,-1.231635199,0.7604224009999999,-1.764323884,-0.89788103,1.8758874140000001,-1.071811141,3.317497028,-0.23833606699999998
242,0.102122636,0.133260077,-1.856520909,1.963570905,0.289876675,2.139159087,0.008581301,-0.7881972909999999,3.025816345,-2.131597621,1.323481034,0.090462286
243,-1.51277925,2.7986183280000003,-2.8516094969999997,2.3865538369999997,1.121555597,-1.7409402369999998,1.868428627,1.029189858,4.757651697,-3.0228929310000003,2.777164734,0.5254032829999999
244,-1.81314847,2.926528068,-5.408143817000001,2.365020715,1.510126955,-2.129966219,2.328928225,5.518996202,6.213718029,-4.184384682,5.648131329,2.033511507
245,-1.003517058,2.5295096790000002,-4.066218597,3.699766518,2.8881334969999997,-2.44055774,1.465729356,0.8795289209999999,6.446457506000001,-3.488187215,3.0633687839999997,2.727948608
246,-1.1603932590000001,2.5660077130000003,-4.736453585,3.730276597,2.68179341,1.3163990140000001,-0.306191791,1.9421673430000002,4.938488812,-1.129957675,2.426957655,2.8484344810000004
247,-0.875794978,-0.38689423700000003,-1.715868056,1.296972502,2.4073286819999997,-3.4299114530000003,1.955582474,1.47860162,2.6377117080000003,-2.433971046,2.480810464,1.234049973
248,0.253030856,1.12659832,-1.47320719,-0.351875724,-0.491204844,-0.18223846600000002,0.46054582299999997,1.366329174,-0.6054827420000001,0.8020411590000001,2.7576997010000004,-1.2149218590000002
249,0.19773516300000002,-0.260080324,0.9282360759999999,1.110930218,0.092540039,0.12522085300000002,0.475115251,0.041221615,-0.481107971,-1.839741066,0.7852843740000001,-0.5871122010000001
250,1.388505369,0.113386556,2.087454872,-1.328046464,-2.3631541080000003,1.8338606830000002,-1.1111979459999999,-3.3644091819999997,-0.42858014,0.838500338,0.930172938,-1.4923004569999998
251,1.91538649,-2.177373956,1.604515306,-1.286694051,0.047922980999999996,0.18673937399999999,-0.862143949,-3.81893972,-0.102210251,2.395366905,0.065289492,-0.642860379
252,0.431768689,0.552391241,-1.728866192,0.589696319,-0.43545855299999997,0.015562611,2.10728879,0.049938149,1.330343153,0.965474773,2.681696379,-0.304166132
253,-2.547944527,1.937262815,-2.208469729,2.1360851640000003,3.2624672980000002,-3.082345521,-0.093888441,0.477280086,3.98287269,-2.177386737,3.200196387,2.216012789
254,0.327366228,0.980038925,-0.747592965,-0.930602817,0.812904532,-0.082642123,-0.6631680179999999,0.5227016560000001,1.1048206040000002,-2.433193282,1.335871286,-0.328046198
255,1.976279576,1.186090567,1.9022834869999998,0.51711318,-0.482694609,0.43502398700000006,-1.7379036469999998,-0.988575882,0.789712504,1.322552805,0.5122952479999999,-0.977971142
256,-0.41312721700000005,0.490026071,1.190225673,0.152873909,1.591218571,-0.7034429329999999,1.3481556000000001,-0.014672821,2.456625757,-2.5911335330000003,0.780016554,-0.029170306
257,0.7315165809999999,0.40189685399999997,-1.87457274,-0.659551166,0.076940865,-2.49220686,1.245672143,-1.771728292,1.1623894540000002,1.614544798,-0.203324984,0.842128634
258,-0.148510861,1.081095441,1.0520864890000001,1.2629711259999998,1.486112501,-1.2549809170000001,-0.9327861609999999,0.680124305,2.169045185,-3.900724892,2.848221979,0.698411137
259,-1.6090991590000001,-0.08468517699999999,0.38265952799999997,0.130414655,-0.8762750509999999,-0.325244596,-0.13126405300000002,-3.245940052,1.780372307,1.63324423,-2.75770182,0.361473857
260,0.604461006,-2.164162519,1.713456901,-1.268988099,-2.2117344780000003,1.6117767269999999,-0.780957186,-2.237101686,-1.681863668,0.9637503470000001,-0.261330063,-0.783865623
261,2.618335395,-0.1803295,-0.152944074,0.7834991809999999,-0.332696765,2.6776356580000003,1.937441529,-0.8435986240000001,-1.6368489769999999,-0.052458934000000006,-0.04852660599999999,-1.530486391
262,1.094336582,-2.352987321,4.329274496,-0.60895985,-3.054156556,1.525752035,-0.380313041,-4.656774607,-0.64458391,2.2102748780000003,-2.380185848,-1.4946575869999998
263,0.5602429329999999,-1.296023919,3.17404605,-1.083613405,-2.000770464,0.398843437,-0.9221464009999999,-4.517280653,-3.996764857,3.34728074,-0.501210736,-1.861402424
264,2.831939215,-1.9112651680000001,-1.5460302519999998,-1.395071505,-0.641749146,1.5469148990000001,-2.171476449,-4.355889026,0.258406894,-0.298594569,1.6783402109999999,-1.578870627
265,1.93854953,1.140394625,2.8478058710000003,-1.093123586,-2.716734068,1.706624041,-0.329261974,-4.406443933,1.239677118,5.339429664,1.839114554,0.36249139
266,1.750722935,-2.195389018,2.7480053310000003,-0.810537631,-0.22954683899999997,2.248397569,-2.3933307999999998,-3.3276374360000003,1.9179295319999998,1.776520076,1.33970206,-1.714095692
267,0.244879404,-2.05449979,0.19151929199999998,-1.90094306,-1.5125930109999999,3.37394693,-1.287678225,-3.867166585,-2.292347087,1.712710049,-1.154880682,-0.522065705
268,2.247648762,-2.43402599,3.3982451080000002,-3.4448236989999996,-1.523937537,2.303810609,-3.602103015,-4.394564477,0.294574985,3.514004949,1.333388923,-0.24296869399999999
269,1.4381489330000001,-3.2391351580000003,1.255567603,-1.998864936,-3.447724642,1.051609303,-1.953868875,-4.400213066,-1.740393677,1.703215146,0.986980737,-1.52094848
270,1.858051294,-1.209978249,1.5185127809999999,-0.06777955,-1.013346083,1.321926306,-0.245350182,-4.45472015,-0.9961124459999999,1.054639545,0.024045007,0.32511013699999997
271,0.142478348,-3.8069917660000003,2.547203921,-3.732637434,-2.486199492,3.0537587619999997,-1.439189386,-5.827591605,-0.854429593,5.4346208439999995,0.528147978,0.269141952
272,2.293518333,-1.5231589509999999,3.642484328,-2.6403109369999997,-2.353486066,3.6384859539999996,-3.907243867,-8.749491763,-0.494140485,1.867818797,1.36275182,0.110799366
273,1.035833008,-4.131384274,3.579656838,-3.9875952619999997,-4.047532315,1.706152605,-3.2781461839999997,-7.420541556,-1.926645528,4.533602537,0.322090045,-2.0446477730000003
274,1.518201471,-1.304145326,1.568649455,-1.777715546,-2.896002712,2.18133763,0.088988607,-5.091632584,-2.37078635,5.210574201,-2.01632532,-2.829895594
275,1.5143771869999998,-3.1714286680000003,1.462392645,-1.230434277,0.594135104,2.1569045669999998,-2.095080156,-2.024771619,-1.470462344,3.71239035,-0.767422003,-1.806815759
276,1.091666681,-1.62660074,3.498334007,-1.6190483409999998,-3.217224235,2.045940964,-0.86499233,-4.2772887939999995,-0.834202839,5.261731942,-3.305200477,-0.327863587
277,1.322866523,-2.789357194,3.447676782,-3.61165152,-2.363081885,2.242129474,-0.6571722320000001,-3.4930561589999995,-2.580182901,2.270061717,-1.621760595,-0.39876615200000004
278,1.447009114,-1.337926124,2.0780192580000003,-0.251091654,-0.17034901600000002,2.5791361790000003,-1.8575511000000002,-1.9912274890000001,-1.00054726,-0.918168975,0.6867665759999999,0.49387363100000004
279,-1.571144839,0.09022332599999999,1.217374435,-0.5387650970000001,-0.968367297,0.664891903,1.4937543480000002,-2.071381094,1.4408605680000002,-2.416061268,0.806592364,-0.637519623
280,0.529092748,-0.397448915,-0.504186051,0.75208381,-2.2028821119999997,0.379935276,-0.30496498699999997,-1.745980242,1.000785211,-1.126835159,2.937739096,0.442114699
281,1.009269838,-0.9263474540000001,1.029868961,-0.9804469640000001,-0.49269104,0.382375707,-0.753789341,-3.4934065889999997,-0.592398902,1.582715888,1.504462304,0.162027519
282,0.522722649,-1.7537347859999999,-0.537209019,-2.111049787,-2.070629786,2.897193623,-2.266711349,-5.115518766,-0.814582673,4.042554406,-1.1080878570000001,-1.2754956659999999
283,1.320420994,-3.5233679280000003,4.851788247,-2.7218341169999998,-5.012509002,4.600426086000001,-0.754554425,-6.991366332999999,-3.4279820169999997,1.6423013,-3.442498792,-3.1049227189999997
284,1.048821732,-2.736132455,4.747896749,-3.425367315,-6.728116591,2.1409842059999997,-2.876905544,-8.074032842000001,-2.702694053,4.705241293,-2.706012897,-3.7517937310000002
285,1.9325649280000001,-4.53278332,4.775497876,-4.053961039,-2.9939496080000003,3.415636379,-1.817467771,-6.690965889,-2.9346228780000003,5.961040793,1.944808621,-3.430156238
286,0.9633518120000001,-4.194797492,4.121982547,-4.632646212,-2.8554926039999997,1.7856105830000002,-2.594080553,-7.682063256,-2.51314787,5.027736151,-1.586726004,-2.434006174
287,2.378693042,-2.584266714,1.137428372,-1.7932981819999998,-1.238192901,2.1791040880000003,-1.270961251,-3.5836951139999997,-0.280574198,2.625400719,1.096560123,-2.160428376
288,0.513134722,-3.726130431,2.617283531,-1.6037598640000001,-3.642759138,1.956533342,-0.9620720890000001,-5.839482312,-2.478185124,3.0851150260000004,-1.026155467,-1.6994936619999998
289,1.796499845,-3.528766222,3.8351302560000002,-4.029697799999999,-4.661479045,2.491635777,-2.924454622,-6.7137117029999995,-4.565338636,4.124240843,-1.730056306,-2.580714477
290,1.9785759059999999,-1.8452424269999999,4.821564958,-3.488648688,-1.216186211,2.035599962,-1.964957369,-4.631636867,-3.868318425,3.008699131,-0.562465011,-0.518858935
291,0.819264289,-4.92213959,5.56589225,-2.845083102,-4.935742594,1.3928427330000002,-1.613704279,-11.35813246,-4.798118446,5.363621578,-0.287053025,-1.728464124
292,1.7286417440000001,-1.301007973,0.726787324,-1.95181511,-0.206103025,3.012875452,-0.417531648,-7.219442816,3.60606224,-0.904735961,2.9570689710000004,-0.737217173
293,-1.6650187619999999,-1.9336638730000002,-0.594749669,-0.030512031000000002,-2.817472965,-0.56813402,-1.364239728,-8.787331338,4.423582499,4.0032269430000005,3.9053507730000003,-0.8585922990000001
294,-0.24966916600000003,-0.854225902,-0.07874360700000001,-1.268470175,-4.996318385,1.5485189990000001,-2.2318289780000002,-7.091905477999999,1.363826409,2.149552043,3.257637605,-0.894504745
295,0.997983287,-1.197204514,3.1068238480000003,-2.784187119,-3.625561902,2.378127047,-0.975056852,-8.175339523,1.119426866,6.2662628929999995,1.935298903,-1.127209449
296,0.402253865,-2.5422297169999997,3.55946382,-1.654417435,-2.2823270819999997,0.9007570109999999,-3.093700575,-8.108216406,-0.8972513740000001,2.606613456,1.182854068,-2.23240141
297,2.600768389,-3.709766399,4.510659088,-3.449464704,-5.271465218,2.93772452,-2.7447345060000004,-7.564839434,-2.9236526439999997,3.464508426,0.153651264,-1.628394766
298,0.847027651,-1.374497571,4.12552555,-4.015770214,-3.783998228,0.785830299,-1.326943596,-7.454437397,-0.047037179000000005,3.760244278,2.205729596,-1.1244809740000001
299,1.767845326,-4.016180917,2.3362008480000003,-1.666192881,-2.631425851,2.90129886,-3.389275312,-8.599095199999999,0.518593202,3.9605916110000003,0.868007572,-1.4242632659999999
300,1.140913718,-3.336912523,3.889441624,-4.675051633,-3.8254811810000002,3.11218823,-2.028177505,-12.41556104,0.532239056,6.693686912,0.955262857,-2.503735812
301,2.6661845840000002,-4.187743092,4.02822095,-2.930642937,-4.402102312,0.739414453,-2.802523942,-11.09998718,0.048435791,6.002356722,-0.7269071859999999,-1.356740407
302,1.2356096090000002,-1.961398896,4.27166748,-3.879652685,-3.7083042369999997,1.792908323,-2.2125579909999997,-6.9935053289999995,-1.708942391,3.526554631,0.09449864300000001,-0.761807707
303,4.183116769,-4.427863922,6.107660751,-3.785894618,-5.675459769,2.759471004,-1.111340651,-12.10412363,-0.589397829,4.84564707,1.124011042,-3.3338328919999998
304,0.721003168,-3.437648691,3.910891953,-4.833289193,-4.943379313,4.32373973,-3.821476192,-10.9741598,-0.163692296,7.374994015,0.369102951,-2.391018689
305,1.885174836,-4.9426349169999995,6.628996197999999,-3.775383831,-4.799954552,3.4345855519999997,-5.595870421,-9.718062279,-1.239111176,5.09363868,0.985568282,-3.074258805
306,2.119930262,-2.961010987,4.459158822,-3.8587501289999997,-5.231678028,2.2570087000000005,-1.558571682,-7.38746219,-1.894816616,4.991021900000001,-0.371290135,-3.1207734210000004
307,1.076511493,-1.383110085,3.152921862,-1.788186697,-2.578595991,0.395084531,-2.23948219,-7.423182837000001,-2.171631599,2.367882455,0.946280201,-2.7791210019999997
308,0.26613673,-3.1220594989999997,1.9409995999999998,-1.4586125159999999,-2.1778226000000003,1.513271952,0.139020819,-5.211189636,-0.930190018,3.462184249,-0.671439861,-0.271716012
309,-0.983528961,-1.019786877,1.024073722,-0.48202327899999997,-1.272451048,1.972263867,-1.041177884,-2.8599967139999998,-1.053049746,2.272764561,0.569819081,-1.269845988
310,-0.018129843,-0.650366442,1.37098068,0.115368297,0.96096237,1.068757137,-1.677381223,-0.789279603,1.597290043,1.9417701969999999,0.657631917,-2.920879714
311,-1.24945814,1.3394552309999999,-1.154051652,-0.5890841920000001,0.631996213,-1.5356617959999999,0.876323893,-1.8920416009999999,2.7322624589999998,1.01028347,1.758366006,-0.301660934
312,0.43878701200000003,0.011661591,0.6906625670000001,1.027414029,0.38609641299999997,0.371671329,-0.898399395,0.490965976,1.435629645,-5.057588715,2.6881518410000003,-0.44223214899999996
313,1.5140058859999999,0.6588736629999999,-1.02021271,2.635947715,1.239819962,0.589505507,0.209660932,-0.6799980609999999,1.360656088,-1.3761071409999999,1.997169472,0.325651236
314,-1.254087514,1.683641266,-3.1369806110000003,2.777147582,0.60524373,0.114798999,0.9627476690000001,2.257479782,1.7753010869999999,-0.579142274,2.5908796780000003,1.749082655
315,0.382026098,1.1249878420000001,0.556177844,0.7796924270000001,0.6571217779999999,0.85051932,-0.6827781690000001,0.9218405479999999,0.608963154,0.337063069,0.887763427,0.089938158
316,-2.063490226,2.341265816,-2.5309322880000003,1.447308848,0.212010174,0.42287477,-0.694374575,-0.40962003700000005,1.6139977890000001,-0.969124622,1.597099611,1.455549829
317,0.60294832,0.034240224,-0.670647143,-1.5932935990000001,0.972085759,-1.638276951,-1.229027592,1.312379277,0.275478982,-1.231374382,3.013728566,-0.392751659
318,-0.246127505,2.624263464,-2.705861063,2.5485932940000002,1.544917897,-1.3540008890000002,0.19653579699999998,0.9459531790000001,4.203715977,-1.294183433,2.928107184,0.44438324
319,-2.411783002,1.082832792,-3.198517536,2.373645024,1.143544798,-2.608613886,0.237102535,0.532865522,3.080921899,-5.777120077999999,2.045689525,-0.130443759
320,-1.806191535,2.1327622269999997,-4.574647811,0.556286111,1.658005816,-1.669303315,0.49019927799999996,-0.670663607,3.181218615,-3.614322949,1.100484533,2.154002052
321,-0.161417632,0.331022253,-3.374306515,0.12168236199999999,1.0384061359999999,-0.055888491,-0.553887613,0.317747777,2.12413504,-4.514738917,2.239563705,1.468818015
322,-0.30447977,1.603654109,-0.100317281,2.260183675,-0.9223170070000001,-1.485051388,-0.052701014000000004,-0.145996315,0.115968813,-4.531060789,0.234376045,1.852202366
323,-1.171574939,1.829571651,-3.2961331210000004,1.073344847,1.304769207,-0.39079790700000006,0.9611910990000001,0.764203057,2.522408866,-0.778711899,2.857487344,0.7220140709999999
324,-1.506688011,3.918235635,-4.757910829,3.917721002,4.517138872,-0.578270911,1.628424371,2.2337236519999997,4.170063327,-7.740552062000001,2.822937098,3.127518114
325,-1.6564371009999999,2.8232220439999995,-2.6852937669999997,1.4772058259999998,2.8014411139999997,-1.796620232,1.1431179040000001,4.5171357080000005,3.35822996,-3.978899497,1.292092318,3.640448613
326,-3.1255458419999997,3.9446490919999997,-5.747123683,3.799478689,2.568593399,-0.327457451,1.850492641,2.897126495,4.485381238,-2.139348461,4.153599251,2.531940236
327,-1.753121362,2.7037025810000004,-4.83397699,0.974792415,1.292820907,-1.708481827,0.876371852,0.910134989,6.2636098229999995,-5.1906923030000005,3.768766295,2.622341119
328,-0.8617615390000001,2.362916814,-2.2767447830000003,2.416152651,3.570366219,-1.88339004,2.427082263,2.950417175,5.4597664,-2.26495653,3.430760798,2.342370304
329,-1.940392203,0.532075779,-1.237636868,1.0092006709999999,2.142039724,-0.458477486,1.9951132180000002,1.897543955,0.823479029,-1.640800487,1.75850487,-0.097122092
330,-0.592637426,-0.23224934600000002,-0.002986323,-1.3555806519999998,-0.709476312,-0.5249389839999999,-0.35140271100000003,0.455613727,-1.516652435,0.281079338,-1.105303372,0.550258033
331,-0.113662314,1.9709763630000001,-2.7921184360000004,0.568490681,-0.789780302,0.9833384559999999,1.277364505,1.996279254,-1.065863098,-2.685962313,0.599065954,0.528704032
332,0.537561849,-1.833094824,1.971222726,0.740715543,0.10727122900000001,0.251065895,-1.165556139,-0.163036927,0.8203215490000001,2.206188498,-1.091972783,-0.6786801570000001
333,1.6854070319999999,-2.084705814,2.34081655,-2.368151632,-0.78315676,1.887787647,-0.056840975,-0.423920099,-0.38663382799999996,0.816582156,-0.240452549,-2.531780994
334,0.636860105,1.6136686040000001,0.885344303,-0.9775013020000001,-0.9959523290000001,-0.44124950700000004,-1.1431352,-0.475090255,-1.7842889709999998,1.742070636,-1.078798868,-1.093709985
335,1.4987290119999999,-1.035173418,2.030697699,-1.215921245,-0.317529383,1.984145161,-1.213407099,-2.141877044,-3.3392526439999997,2.960332897,-1.234920945,-0.6316391
336,0.18920697600000003,-0.922409985,1.371603106,-1.195012122,-1.051490248,2.820646543,-0.7515492690000001,1.7982550609999999,-1.755545434,0.025815893,0.589606914,-1.31885543
337,0.575606607,-1.496786645,1.01835264,0.575319571,0.5509640339999999,1.43148816,-0.890996145,0.27475219,-1.545183253,-3.3439703260000004,-2.1524698769999997,1.843928635
338,-0.246173705,-0.6754140409999999,2.3127958730000002,-0.35187670299999996,-1.7922184330000002,-0.063265513,0.250506484,-1.65829512,-2.320499619,-1.198939158,-0.468582251,-0.337391536
339,0.046109795,-1.830109407,2.360912192,-0.21762986,-1.970176914,0.22712253,-0.095821171,-2.661488311,-2.530776214,2.9127143510000004,0.06420682400000001,-1.148243082
340,0.285936195,-0.366792193,0.08562473400000001,0.504564547,-1.016956355,0.980259476,-0.24721582399999997,-1.13603494,-0.6270795889999999,2.768597915,0.764243075,0.311892772
341,-0.18001676600000002,-2.174144282,3.119384945,-2.484413115,-1.52044399,1.9754471919999999,-0.628714477,-2.8094036210000004,0.044747713,1.14211841,-0.8219969779999999,-0.37546945600000003
342,4.032494146,-2.24302671,1.5964857719999999,-0.9842757990000001,0.20750074100000002,-0.928795913,-0.6018212620000001,-3.419647872,-0.018320888,3.211073471,-0.324933496,-2.51910448
343,0.816913028,-1.153999141,3.848736128,-1.77612564,-2.565824007,0.98052084,-2.145376933,-7.280066581,-1.256780229,1.416647631,-1.417818099,0.142706433
344,1.532186448,-2.407746317,3.0155547780000003,-1.90106076,-3.685637753,3.136051075,-2.17856172,-3.7611562239999996,-3.4675604860000004,5.380419552999999,-1.71369808,-1.196084113
345,1.441882544,-2.103073065,2.663574771,-1.067846023,-2.3507857469999998,1.4889374030000002,-0.989712782,-2.8610320089999997,-1.1811313140000002,0.376920298,-2.236618631,-1.915302855
346,1.683661623,-3.5198793810000004,4.243628097,-1.861081136,-1.101586879,1.053450234,-2.455739363,-2.899766243,-4.4763869000000005,3.564929341,-2.07830184,-1.8767572430000001
347,1.916415906,-2.884478515,4.5302181589999995,-2.751432292,-3.012863307,2.509634279,-3.9394310260000003,-5.183948002,-2.757934788,1.835062345,-1.94888368,-0.657362495
348,-0.7791583809999999,-2.288340715,1.240995361,-1.509780794,-2.28287972,1.7147429719999998,-1.166287618,-3.0413615419999998,-0.882092271,0.373458536,0.367420894,-0.215506274
349,-0.353072579,0.247852035,-0.070988158,-0.7074308090000001,-0.7699707720000001,0.245885436,-1.449043019,0.113874387,1.2636315390000001,1.915380356,1.0545417529999999,-0.193358471
350,1.284395405,-0.419655509,0.286798259,0.351787022,0.507506269,1.59208203,-1.067335322,1.379005205,0.6712239390000001,-1.155160242,2.655382297,-1.3946841069999998
351,0.050510408,0.15432014800000002,-1.088971081,-0.140378484,0.665793695,-1.619531585,0.297079012,2.089260046,3.569269237,-2.373712795,3.010042561,0.987622777
352,-2.3511492240000003,-0.6170054220000001,-2.980611591,-0.29546204,-2.071157885,-0.292780038,0.7501689859999999,-2.858687474,0.85582538,2.751643208,2.9186444560000004,-0.780669397
353,-1.0715457259999999,1.172543451,-0.9277380479999999,-0.951917132,1.160423629,-0.16812256899999997,-0.918175911,-3.09568885,2.039013787,-1.519943394,1.490479343,1.503805291
354,-0.525853773,2.169595427,-0.190874522,2.7067323830000003,1.996102134,0.489045656,0.381108094,1.049395682,4.662752805,-0.227985902,4.102887208,1.207137116
355,-0.09742677599999999,-0.555273726,-1.4749322740000002,1.920123483,0.926765787,-1.495357267,-0.05144792,-0.340248392,1.6909350840000001,0.6980897540000001,2.780099696,-1.335428978
356,-0.091047461,1.841289309,0.5473448089999999,1.156646308,-0.775534823,0.40745959,-0.340427556,-2.5833943269999997,1.326594585,-0.559988811,1.9820862019999999,0.17159348800000002
357,-1.134292919,2.721660198,-0.9144387690000001,1.45493024,-0.385520036,-0.743122284,2.389514735,-1.02125588,2.993302659,-1.774973856,4.491659325,1.2885935990000001
358,-2.200631773,2.154596106,-1.8998890830000001,1.074550701,2.025750315,0.13538301,0.17962018100000002,-1.026886912,5.247439061000001,-1.69947789,5.0704742739999995,-1.525981618
359,-0.703466055,1.8640429490000001,-2.8144366819999997,1.638801217,2.9502107310000003,-1.306069261,1.309530707,-0.512915783,7.416003266000001,-0.375522257,5.764451017000001,1.371982256
360,-1.425513104,2.299520057,-3.17002391,1.358223243,1.5192473690000001,-0.42401705700000003,0.322311798,-1.4884643709999998,5.152052777,-1.231322327,5.4218231470000005,-0.716522474
361,-0.811176463,-0.017190729,-1.229370268,-0.522422256,1.097127311,-1.009779837,1.30221498,-2.192076244,2.998919013,-3.510456348,2.306439011,2.128848207
362,-0.036180415,-1.410767901,-1.606404296,0.357935839,-0.597469099,0.267976496,0.616270694,-0.25186054,1.584083064,-0.92168165,1.761439515,-0.972802507
363,-1.404189495,2.079717735,-0.5933493989999999,-0.12079743,0.493413389,0.320281936,-0.06763651,-0.614685123,2.553560748,1.034838406,2.8150916039999996,0.393576834
364,0.04628186,-0.416294147,-2.232940934,-1.1541431309999999,-2.479565763,-0.020556032,-1.180466609,-2.724559698,3.1563986689999997,-0.638682492,-0.012672593999999999,0.932650935
365,-1.560131276,0.092811465,-1.762137364,0.23131900800000002,0.946313889,-0.470780396,1.952125686,-1.2196594159999998,0.9723582829999999,-3.0485567010000003,1.186326487,0.7003069740000001
366,-1.561513816,-1.6015140330000002,-1.215165549,-0.511702762,0.535183037,0.305437197,1.1872120720000001,-2.014720031,2.547744425,4.946497902,1.482136301,-0.738448551
367,-0.6839608890000001,0.649851119,-0.7965225779999999,0.667275697,-0.835135607,-0.33224279,0.618304735,-1.944101369,1.7267372230000002,-0.278505858,1.05428447,-1.0646617040000002
368,0.443556216,-2.118056065,-1.581725705,-0.166956242,-0.820441034,-0.41492524700000005,-0.6835571109999999,0.296450832,-0.759618068,0.895562785,0.619315866,-0.038229972
369,-2.29421814,0.700967117,-1.9569560030000002,1.536449441,0.33674498,-1.23820673,0.28290275800000003,-1.252354648,1.793899431,-0.310930378,1.4347561309999999,1.071927658
370,-2.111889703,-0.21862801199999998,-3.4518292639999997,1.70651917,2.14313057,-1.904610066,1.0104294390000002,1.551854976,5.200228178,-5.822656017999999,3.0903508810000004,2.138733829
371,-1.44157795,1.232606989,-3.093441002,1.418843198,0.7041095629999999,-0.103572496,1.027850959,1.855275719,4.5313051280000005,-3.0056574489999996,4.976332181,1.1243417759999998
372,0.38859443899999996,1.487603075,-2.328321912,2.5343350669999998,0.696141511,-1.233991793,1.238675776,1.5325429369999999,1.709763476,-0.11858290099999999,1.294446165,0.565175377
373,0.670156355,1.2475342740000002,0.21189360899999998,2.01916627,1.7878413430000002,1.696635656,1.2270019970000001,0.657416381,3.6589845139999997,-1.237768439,1.885765985,1.9284843180000002
374,-0.151221806,1.122697802,-1.120175894,0.516435509,-2.742570042,-0.6846785320000001,-0.45415128299999996,-2.57886103,1.7103794209999998,2.935793339,2.18318165,1.437319431
375,-0.745677068,0.477679924,-2.7286005189999996,1.604698231,2.435480139,-1.963853896,0.40844417200000005,-2.02144537,8.12885795,-0.039490191,3.980246118,2.326128915
376,0.548453296,2.8036686680000003,-0.46839183,0.809486209,-0.746402978,2.504561308,-0.168328101,-2.453438092,4.404941074,-0.534694711,3.8206252710000004,-0.5277139479999999
377,0.13909302199999998,-3.071117872,0.226363901,-1.411017315,-1.723748847,1.005323097,-2.20223721,-5.230281442,1.634072073,3.596581403,1.258827895,-1.152191768
378,2.6223710159999998,-1.730483868,3.040878728,-2.0041826169999997,-2.7653049039999997,3.00229117,-3.157185047,-5.1675060219999995,1.3671088319999998,3.489661042,0.53204363,-2.384973264
379,0.317206195,-2.332412941,1.33283681,-0.585546419,-3.736860178,0.594237028,-1.0236533620000001,-4.260223281,0.132267935,2.763038378,0.669109776,-2.791617042
380,1.617563061,-4.900143925,3.737308643,-2.571179258,-2.541204509,3.0961808239999997,-1.8444769019999998,-6.034615538,-2.399842026,2.454812028,-1.294590813,-2.7323433839999995
381,-0.648363449,-2.2755271280000002,2.356596853,0.225886715,-3.130331139,1.03531722,-1.572934976,-6.4406505670000005,-2.758381874,2.9893917969999997,-2.176483749,-2.502577991
382,0.105700852,-0.41276952200000006,1.550454,-0.05811213900000001,-1.4800934769999998,1.299800246,-3.5429399569999998,-4.8924726419999995,-0.067290404,2.401365725,-1.27312602,-0.858807048
383,2.020420867,-1.4190141680000001,0.480426466,0.361050331,-3.82115613,2.116189819,-2.842774303,-3.0898691769999997,-2.231065805,3.288017378,-0.998308381,-2.013345701
384,-2.201937821,-1.079501541,-1.471140247,1.728662362,-1.537120583,0.008543743000000001,1.9802658969999998,-0.502136759,-1.235793089,2.6552367759999997,-0.62677726,-0.33970616200000003
385,1.124206454,-0.022744083999999998,3.0506402410000004,-0.890417516,-2.510948992,1.5137881119999999,-2.006905074,-1.7975002869999999,-1.845238388,0.509362916,-3.147800715,-2.774818505
386,0.0026924920000000003,-2.7241502910000004,3.767721045,-1.918413445,-3.462832314,2.79915226,-1.186900397,-3.6799420639999996,-3.8884283410000005,3.592619923,-2.39669295,-2.801065623
387,-0.19498943800000001,-4.881938225,5.401618199,-4.094593013,-5.716184934,4.003822375,-2.393856253,-4.2910764189999995,-5.3507256860000005,6.56264336,-3.28205079,-1.866675417
388,1.8614380330000002,-4.079862836,5.834015093,-3.576037977,-3.2026250660000004,1.4889902590000001,-2.9980846210000003,-5.3070328689999995,-4.935788264,4.358320427,-3.700668743,-1.249345952
389,2.697835897,-1.138125512,4.6275022880000005,-2.562356618,-3.449520966,4.339788682,-2.1469125730000003,-5.456325192,-2.870498672,4.563989067,-1.35230571,-3.325693193
390,3.278543813,-3.287405585,4.174986355,-2.815604615,-4.070696741,1.448500455,-2.2069290919999998,-6.899960792999999,-6.369568009,0.880032877,-2.768567795,-0.8725451340000001
391,3.3594722619999997,-4.12905707,4.978719256000001,-3.3792516210000003,-4.117201232,1.044460973,-1.8366157369999998,-6.791327368999999,-6.675881701000001,4.090141322,-3.663406873,-2.9889947230000002
392,2.429419215,-4.065061784,6.101697724,-4.012970735,-5.967859507999999,1.8014526309999999,-1.5901495069999998,-6.305245677,-6.122377117,4.103763396000001,-6.19879541,-2.652668669
393,2.48747225,-2.105766686,4.516575021,-3.684181423,-3.013010557,-0.9392403859999999,-2.002758553,-5.783460695,-5.346459973,4.088478288999999,-3.34082312,-1.1796608690000001
394,1.103465538,-3.1075709519999997,4.1947653460000005,-2.379996365,-3.3830480000000005,1.231139955,-0.44716848,-4.682521626000001,-4.441198169,4.098740404,-2.2416139999999998,-0.072678245
395,2.363778463,-2.821560367,4.763846445,-2.545761863,-3.5506233610000004,1.831825036,-1.319070337,-4.556937508,-2.674042837,2.579733022,-2.549871488,-2.175158343
396,1.370603125,-0.32545666,4.573553839,-2.736670396,-3.367029767,-0.250175197,-1.7390873709999999,-2.619531465,-4.296206604,4.949479306000001,-2.589431865,-2.5022604630000003
397,1.20870887,-2.9321894960000003,3.1529792089999997,-1.334065062,-1.112323305,1.67393702,-1.391503709,-3.512755039,-4.35076286,2.395346906,-4.978005722,-1.4963047790000001
398,0.066695307,-1.082697828,4.613716088,-2.295644636,-0.46908248700000005,0.8874753190000001,-0.9935270390000001,-2.555173252,-3.885667166,-1.879800774,-4.082150181,-0.9240654290000001
399,-2.0804954959999997,-2.730839656,3.2575830580000003,0.56239083,-2.1014092769999997,0.39309578,-1.243760702,-0.906037511,-4.361773503,-0.641256543,-2.02356271,0.056243402000000005
400,0.404279154,-1.607063105,0.346446944,-0.18502258800000002,-0.259644396,-0.68388802,-1.596331384,-1.2490076940000001,-0.724329805,-0.5165582000000001,-3.049566145,-1.92950544
401,-0.241672517,-0.38846886799999997,1.3184266409999998,-1.0631543559999999,0.325263363,1.020789306,-0.119224783,0.8673090590000001,-4.009999484,-1.450822896,-0.9981511409999999,0.033126266
402,-1.4434273000000002,-1.7634069890000001,2.567698987,-0.8426307909999999,-1.965444842,1.297940425,-0.110597056,-3.456436793,-2.1186475259999997,1.5354053369999998,-0.518317894,-0.636054472
403,-0.152018933,-1.060114038,0.084237947,-1.519485259,-1.865943445,-1.7912642319999998,-0.43909386799999994,-3.3742980680000003,-1.055516359,4.908458096,-0.7423145309999999,-1.18844
404,1.274876238,0.269035318,0.9532309940000001,-1.6401859540000001,1.3891858959999999,-0.666168096,-1.0163811729999999,0.627035737,-0.23523136100000003,0.476574156,0.6742573740000001,-0.424931354
405,-0.922149242,-1.223398748,0.7238568120000001,-0.460742483,-1.384505654,-1.061859044,-2.113190002,-3.210716675,-1.151877395,1.443719754,0.507605831,-0.589973498
406,2.7862253619999997,-2.1518192380000003,2.0400346999999996,-3.161795835,-1.3506728140000002,2.590443678,-1.429182543,-8.312974282999999,-0.9956541309999999,0.7160886470000001,0.183380321,-4.308049559
407,0.207058947,-2.299031283,3.91709123,-2.343827415,-4.847827099,2.187382913,-2.613477917,-10.0794269,-1.367240415,2.991786944,-0.6821992840000001,-1.365547518
408,3.704582177,-3.848753218,2.579997842,-2.666144388,-4.93268986,1.4907593590000001,-2.838910065,-6.814911762,-1.5645530230000002,5.020584417,1.5082140880000001,-3.330177519
409,1.5665897309999999,-1.6080054590000001,4.248606163,-3.543637447,-4.349749365,2.303162874,-1.767701786,-7.89924029,-0.8209200190000001,3.874673913,-1.244421653,-2.761965607
410,2.62633914,-4.912044269,7.013965108,-4.060920029,-5.193171059,4.477021631,-2.89805397,-11.41634467,-3.84437341,5.685774048,-0.751724334,-2.509512888
411,1.99002507,-4.210905157,5.147853098,-3.923722992,-3.070713562,2.639373749,-1.034000808,-8.157662808,-3.998951762,6.353560312999999,-0.876836265,-1.801635059
412,1.548053973,-5.402562369,4.310614461,-1.764782667,-4.402642074,3.7364549260000004,-1.74596261,-9.406289389,-1.8839902419999999,1.4841216080000001,-0.08002547,-3.650765447
413,1.144047103,-5.842337736,3.181034975,-3.087642968,-3.188952304,3.028056322,-3.2890961219999997,-7.902143186,-2.153557255,-0.42253612700000004,-0.243366733,-2.546936985
414,-0.5835595579999999,-3.8139952289999997,4.589566687,-3.156216788,-3.803504035,0.49126834,-0.8404485999999999,-10.28999831,-1.4631440919999998,5.93812818,-1.76404116,-0.930106251
415,1.625073235,-1.229667114,5.3596208480000005,-1.872958832,-2.8964824730000003,1.201832418,-2.5042208969999997,-10.01598099,-1.211064115,3.8046312419999997,-2.373924791,-2.063244902
416,3.938015932,-3.858508988,2.621825171,-3.385090144,-3.223876235,0.938698337,-3.480806942,-6.0686247,-1.02794501,3.1395923239999997,-0.252548744,-1.818681948
417,0.8581802629999999,-2.829460437,0.9409410340000001,-2.873224309,-1.776336436,3.992585863,-1.434028593,-5.481642387999999,-1.312457292,2.280075724,-0.341301154,-2.830166808
418,1.131889369,-1.431680659,2.403911536,-1.182158856,-2.158759085,1.418122411,-2.9687515139999996,-3.9263712889999995,-0.30729857,1.251466095,1.1414783179999999,-2.605330158
419,-0.47284304,-0.261139673,1.660642046,0.582613108,-3.009339671,1.133073077,-1.6454240180000002,-3.995146922,0.795775219,1.781874126,-0.518365631,-0.42334408799999995
420,0.00750275,0.542214722,1.68850189,0.9394516820000001,-1.60949387,0.741676167,-1.9973428569999998,-2.881468111,-0.37364505200000003,1.119442499,0.499929539,0.963018169
421,0.8247988559999999,-2.5261491869999997,2.651664289,-1.7409293590000001,-1.7198076409999998,0.334792505,-1.79793202,-5.170346106,-0.888160776,2.492159965,-0.833745253,-0.254958393
422,2.428076622,-2.44479247,3.94001018,-0.646483873,-2.803161278,0.084146569,-1.8196445330000002,-7.176367237000001,0.349533511,0.058761811,-0.85333934,-2.024429137
423,1.266658971,-2.598442335,3.40234868,-1.646045758,-2.427160923,0.02111793,-1.34479387,-5.688539095,-1.309773238,2.723068905,0.130211885,-0.046877862
424,0.148012731,-2.549835095,3.617740576,-2.3740812730000003,-3.9034962460000004,0.5077244639999999,-3.029698563,-10.51411879,-3.347725243,3.4681484069999997,-3.224377319,-2.575417138
425,-0.309175704,-0.8551807990000001,3.685482445,-1.426108851,-3.155992477,1.654607675,-2.0983442009999997,-6.565621586000001,-1.7331023559999998,2.42582611,-0.522518165,-1.5745840569999998
426,1.155191767,-5.672968992,3.47224333,-1.7029787,-3.640923107,3.6957331730000003,-2.296276594,-9.433711611,-1.871009366,3.4996374639999996,-2.008287026,-1.882059254
427,1.23155578,-1.521995851,2.52160263,-3.558642168,-1.3330737940000001,1.427049878,-2.329534862,-7.02279394,-1.183617809,3.1546353060000003,0.22339589699999998,-1.9641617180000002
428,2.033864469,-2.6253086409999997,0.955159135,-1.367165943,-1.331337784,0.477499599,0.7009848340000001,-5.308712933,0.22601370399999998,2.65959666,2.184042226,-1.369371621
429,-1.007476489,-2.344871962,1.275073417,-3.3302892760000002,-2.279806151,0.554428202,-3.885281418,-7.547091402,0.520177322,5.750474002000001,-1.5893516540000001,-0.41836535399999997
430,0.927362875,-1.610021485,2.252192161,-3.187365583,-0.232797532,3.251792511,-3.2752807930000003,-7.700205167000001,0.499860916,2.8341549789999996,1.4565709059999998,0.94572738
431,1.6507480959999998,-3.698481642,3.518692083,-3.748195477,-3.98520236,2.1217437340000003,-2.4255619999999998,-11.02120632,0.226660482,4.35688595,-0.391854397,-0.9697338790000001
432,3.016937762,-2.28663099,3.2656483260000004,-3.3469987039999998,-3.19624076,2.139664581,-3.3020655139999997,-7.582870536000001,-0.90024502,0.34000569399999997,1.705218782,-3.62314272
433,0.22129332300000001,1.4616537459999999,1.333466795,-1.7075931030000002,-0.666651725,-0.273208216,-1.067344995,-7.736229175,3.4536904789999996,1.835682869,2.266804471,-1.088387342
434,0.87898661,-2.921130486,-1.346639114,-1.3265521759999999,-2.516592224,1.398582098,-1.159048657,-5.4343917489999995,2.150644404,1.705237778,2.071780515,-0.728578343
435,-1.4114855,-0.335996526,1.47044876,0.763959495,-2.00780557,1.435535926,0.725109565,-4.853507641,1.379795699,2.162926546,1.335290845,-0.01586439
436,1.91941359,0.373154305,-0.40290312,1.156691839,0.9429576540000001,0.269766098,-0.271634313,-3.4273320910000002,1.875457355,-0.147551004,2.539365998,0.186861389
437,1.097116633,-1.6760257930000002,-0.13243448900000002,-0.17851713,-0.747993325,0.795847277,-0.227746598,-3.318649389,3.7563149730000003,-0.537033442,2.327339964,-0.728893059
438,0.11205473199999999,-1.202430154,1.664083859,-0.878405745,-0.09845416800000001,2.2539183080000003,-0.24482699100000002,-6.017336137999999,3.2391807210000003,4.028320235,2.251484771,0.734392532
439,0.496769423,0.708044929,-0.18890855199999998,0.04526475,-1.013363423,-0.48664673700000005,-1.577021529,-7.692240937999999,0.8280923590000001,0.125266521,0.728193104,-1.913922609
440,2.909686135,1.319747824,1.6279852769999998,-1.8629429659999999,-1.204526977,1.567346846,-2.041470801,-5.259451622,1.256054692,3.001061668,1.468133715,-1.049733835
441,-0.839697956,-1.023152909,-0.138778089,-0.836312485,-1.50125053,2.4580089640000002,-2.049193811,-5.8496172,1.015099939,-2.08976041,1.7990629,0.97108427
442,1.257279105,-2.71438183,0.952291949,-2.95939735,-2.8105010480000003,2.566162436,-2.010928808,-6.081204012000001,0.771052719,3.7975651339999996,0.432248305,-2.3419733380000003
443,-0.89479575,-1.473330038,2.27874263,-1.0506206009999999,-3.2677007010000003,-1.252674041,-1.305128742,-5.834012427,-0.484391777,1.051911472,0.38185186600000004,-1.1268153920000001
444,1.04757346,-2.358909862,0.708485123,1.074885032,-1.0595869690000002,1.917626511,-2.45602905,-3.9002556860000004,-0.523641369,-0.34185332399999996,0.7566336440000001,-1.30447113
445,0.513943908,-1.677108302,0.59215336,-2.258807123,-3.6243523580000003,0.913219531,-1.9421181840000001,-2.752455538,0.49697036,2.163192769,2.324994717,0.6549867779999999
446,-0.013482071000000002,-1.7616831609999999,-0.398598988,-1.3211777759999999,-0.378746449,0.774890909,-1.073631668,-4.152239305,0.690492795,2.555579577,2.278442004,-1.143265427
447,0.28536051,-0.926541438,0.8015467540000001,-1.82000501,-0.455685354,-2.381847265,-1.329062916,-4.711050769,-0.8064815679999999,-3.181525635,1.256352521,0.766205337
448,0.575289959,-2.412487035,0.321414256,-1.2393725070000001,-1.738739883,0.7381303709999999,-0.37962646899999997,-4.4489806,0.024431041,1.3751766730000001,-0.6776898,-0.483974567
449,1.8009051269999998,-1.832989369,0.873426688,-3.4089498939999996,-2.238152795,-0.505815121,-2.0602363340000003,-4.144234879,1.4553418319999998,0.089528124,0.568583457,-1.354859738
450,2.2773985580000002,0.978398188,0.876795951,-0.509339409,-0.17665860600000002,1.728532369,-0.235380722,-3.318562605,0.393421585,2.9580851839999998,1.7643100840000001,-0.408668631
451,0.517938318,-1.725033745,0.7168905190000001,-0.324786933,0.5702685479999999,1.114457609,-1.9319821030000002,-2.32708434,-1.9379667109999998,3.438755201,1.47817376,-0.036112942
452,0.7254392279999999,-1.106603649,3.230060263,-1.140292075,-2.681274959,1.7727590819999999,-0.760779234,-4.206430961000001,-1.8518642180000002,4.503926934,-0.6723480279999999,-0.453578439
453,1.159129191,-0.28114053899999997,1.261246393,-2.457413045,-0.418319263,-0.991383562,-2.5743755530000003,-2.0485174369999997,0.715023258,2.18713386,0.682071891,-0.464528285
454,1.9743402890000001,0.362954199,2.599114033,-0.131402609,0.569445419,2.685166909,1.360772436,-1.43072584,0.345174386,0.204288655,0.701459933,-0.386295471
455,0.23766753100000002,1.7322522830000002,-2.019090365,0.033296304,-0.7898343840000001,-0.42717784700000005,-0.15304372,-1.1599527029999999,0.6545999929999999,-1.139564539,1.633829807,-1.051366142
456,0.504781805,-0.691351394,-1.133446953,0.853507138,-0.6748349290000001,0.9345861879999999,1.373973467,-3.37319319,-0.43206928299999997,-0.956008393,0.20904315,1.543865431
457,-0.9296512570000001,-1.74146288,-2.586894277,-0.519178288,0.087988403,-1.018815108,-0.319008093,-1.142358322,2.236157043,-1.678993028,1.958080685,0.626239907
458,-0.919238942,-1.161790169,-0.202966485,-1.7306919619999999,-0.9056810270000001,0.165481904,-0.0428332,-3.211024235,1.2798212420000001,-0.23360816899999998,1.115649815,-0.566412027
459,-0.42856690700000005,-1.519964195,-0.813541847,1.5413376509999999,-0.97922079,-0.10516134199999999,0.305065883,-2.469698807,2.385080457,2.349117103,1.25376898,-0.08737031199999999
460,-0.12868904,-0.8225714909999999,-0.783680333,0.944517523,-0.37722332,1.213818689,1.7058846630000002,0.40835046,2.79290902,0.250107887,1.377298579,0.7086577079999999
461,-0.27104172600000004,-0.047553091,0.533499022,-2.458534464,-0.766709375,1.247000075,-1.2487442290000001,-1.365935856,-0.06088636099999999,1.2180947229999999,0.9231093359999999,-1.6254917819999999
462,0.417902444,-0.775141888,2.692355333,-1.118521629,0.546620342,-1.527397087,-0.386988819,-1.229148228,-0.34084197899999996,4.69887539,-1.070575758,-0.77325964
463,0.243151813,-2.513187908,0.9354291709999999,-1.382865398,0.137498813,0.617599305,-0.051983670999999995,-2.116500463,-0.34336702799999996,0.528100609,-0.826358888,-0.455446769
464,-1.3932748259999999,-0.576644823,0.39215033200000005,-1.990732241,-0.9633792940000001,0.43475507,-2.063357453,-1.649316882,-2.7794977060000003,2.196134421,-2.5467565619999997,-1.709648958
465,0.259827247,-0.072480168,0.36797454799999996,-0.469957688,-0.7024534640000001,-0.334849616,0.704156654,-0.025463527000000003,-1.4893668219999998,0.30769593100000003,-0.895886651,-1.478256442
466,0.619202707,-0.57921969,1.69822102,-0.45591635700000005,-2.1910471780000003,-0.025617057999999998,-0.9740300620000001,-1.6593053869999999,-1.019682423,-0.486925691,-0.9734043990000001,-0.21196600899999998
467,-0.366597715,-1.2517292770000001,0.250984255,-1.8739084519999998,-0.7878521059999999,-0.004041582,0.641413955,-0.7733874629999999,-1.483327305,0.946701528,-0.655381668,0.418714287
468,2.128992535,-0.16724686,1.220209713,0.678681745,-2.310084115,0.511354845,0.081430415,-2.5342395559999997,-2.362835562,1.0615819990000002,-2.219265151,-0.416330728
469,-1.291550885,-2.234406175,2.200580755,-1.415566055,-1.608120489,1.8262717069999999,-0.6622360820000001,-1.540550396,-2.643668312,2.164576964,-2.337759911,-0.676302637
470,1.6408181240000002,-2.0882021159999997,2.610335139,-0.829165675,-1.5350234459999998,2.433169538,-2.229918902,-4.618714925,-1.781297039,2.4356097130000003,-0.872040345,-3.242115442
471,2.054664302,-2.552713799,2.194626754,-0.573894263,-2.061351802,1.88876167,-0.66042384,-2.372412025,-3.169616427,4.557294037,-0.5267934710000001,-1.685120428
472,1.653455654,-2.903417055,2.5903998280000002,-2.218821524,-1.56258847,-0.128124672,0.32213073600000003,-5.88603904,-2.104603457,2.837876773,-2.941311752,-2.307942372
473,2.940446625,-3.1441725519999997,4.615710943,-3.8055586160000003,-2.113722487,2.39407745,-1.5358023969999999,-4.837923077,-3.32794048,1.927084975,-2.05726395,-1.285241171
474,1.72725812,-1.9200998219999998,4.6947112330000005,1.411568058,-2.676873799,1.9759869030000001,-0.9589039570000001,-5.411435942000001,-1.868479755,4.446735532,-1.040929466,-2.832708166
475,0.392831671,-0.729614553,1.4683966780000002,-3.6615598460000003,-0.593846429,2.027005611,0.36146459700000005,-2.215787299,-0.7591367920000001,2.256529098,-0.34116475399999996,-1.4946620659999998
476,0.257101062,-1.4535753569999998,1.1191973020000001,-0.020607586,-0.742004352,0.015717155,-1.063749509,-4.185002334,1.038190386,-1.042779885,0.436502559,1.148464733
477,-0.023271676,0.9455236690000001,-0.411664121,-0.11197588,0.753173695,0.279163751,0.44778887700000003,0.17391725100000002,3.7474788589999997,0.09820839699999999,2.932170583,1.503397677
478,-1.739591643,0.997210765,-3.4096039910000004,0.9906231809999999,1.605512271,-2.038454202,-0.704204167,-0.441823526,4.211392497,-2.393727552,2.411259933,1.279629503
479,-0.584338129,1.128095355,-1.287066645,1.763472506,1.005257991,-4.211736278,-0.850502097,-1.556014145,3.155876816,0.28964799199999997,2.4265227990000002,1.2026497999999999
480,-0.794822283,2.151828728,-3.055422292,2.8293523260000004,3.7961704939999996,-1.3904669369999998,0.287769912,1.2993290240000002,5.021887361,-0.771049372,2.526598714,2.8630841989999998
481,-2.696066685,3.3118633560000004,-3.8026193760000004,3.673573975,2.952008673,-1.26614157,0.9243127529999999,1.879934896,7.490785901000001,-2.582425379,6.46577734,3.030318723
482,-0.910526828,2.8217359789999996,-3.131793311,1.654146951,2.540637854,-1.5216785590000002,1.5823207819999998,0.874519963,5.196624422,-0.638803951,4.575021549,-0.04956563
483,-0.04387992,-1.334786934,-0.537332412,-0.21215720300000002,1.095601946,-0.440730891,0.60668238,-0.9815958290000001,3.603282928,-3.085359013,3.226641328,0.042674832999999995
484,0.303316757,0.920793713,-1.065128295,-0.088521351,0.8533087859999999,1.837769692,-1.470633354,-1.3472984280000002,1.965661185,-0.056231372,0.658211859,1.5792745590000001
485,1.556662082,-2.2428176090000003,2.725246626,-1.5065376030000002,-2.6852105089999996,1.871511724,-1.3324222140000002,-6.32266534,-2.959999251,-0.8074240420000001,-2.308661753,-1.5028800480000002
486,0.844651134,-3.4050790710000003,2.352472412,-2.734449488,-2.861819055,2.174184037,-1.226694639,-3.8454659610000004,-3.971516305,2.770141578,-2.275262306,-2.201345934
487,-0.385250528,-1.4875068,3.111642145,-3.209049307,-3.628415305,2.092188332,-0.56027092,-3.510533883,-1.293176625,3.182507312,-2.261475056,-2.7800175019999998
488,2.1039536880000003,-0.9439720159999999,0.256241473,-0.20185704,-1.289788495,-1.0740866629999999,-1.584461919,-2.956749905,-1.9826618269999998,0.170087157,-2.689424059,-1.555450825
489,1.4282365540000002,-2.614633928,0.805711145,-1.6663023780000001,-1.7738043369999998,0.049216261,-0.177003737,-3.8702915769999997,0.5784961710000001,1.412026581,1.09173979,-1.5510812369999998
490,2.422195907,-3.834290999,3.849703063,-2.620311858,-3.603798976,1.057761062,-0.46703965799999997,-6.087899531000001,-1.6819149519999999,6.337506222000001,-1.706822293,-1.620005891
491,2.486574811,-4.0862543019999995,3.5657116139999996,-5.383090721,-1.328006603,2.9952985489999997,-3.540012248,-7.083062571,-2.3165483609999997,4.2671728810000005,-1.347965277,-3.2941043389999995
492,0.617129975,-2.87136049,3.484232497,-3.2220475939999997,-3.8987677169999997,3.1668365439999997,-0.691556024,-7.649380624,-2.484087905,1.437794524,-1.797121891,0.24259234300000002
493,1.928057575,-3.363797398,4.944562222,-2.908583091,-2.246767593,0.99005059,-1.534396975,-6.745433947,-1.37470145,2.628821205,-0.9144407790000001,-1.949580167
494,-0.326412363,-2.391453783,4.281683122,-2.762896388,-3.2726474,-0.089049179,-2.012112503,-5.750245682999999,-2.635381774,5.694801217,-0.97114174,-2.95840512
495,1.182863824,-3.329196997,2.7393457989999996,-1.039750965,-2.496786655,0.292998915,-1.9221575969999998,-4.8718410919999995,-1.702483859,1.548758085,-0.026618017,-1.977806367
496,0.8149719559999999,-3.839277838,4.9307824039999995,-1.01263368,-3.433185887,0.629491031,-2.90848431,-6.591072329,-2.934446533,2.72080184,-0.76441263,-3.071629157
497,1.315245094,-1.4922277919999998,3.35445395,-2.587559831,-2.026314815,1.40707039,-1.675726681,-5.453924372,-1.425553279,1.5526301059999998,-0.80253477,-1.558154984
498,2.068836871,-0.993723075,2.599165175,-1.6533211030000001,0.495603299,2.188803876,-0.266942629,-6.702224935,1.42725266,0.062398845,-0.42390232899999997,-0.412489704
499,1.1079792590000002,-1.514303929,0.405953203,-1.787399608,-0.82729089,1.044933176,-0.615284653,-6.507759468,1.841778385,1.60468156,1.82731136,0.002265609
500,1.239133911,-0.15013232199999998,2.105584962,-0.417793886,-1.7140054869999999,1.30442955,-1.188730543,-5.9335858429999995,1.5401365340000002,1.924839096,-0.510546569,-1.3430462619999999
