,SPTR_Index#@#PX_LAST,LHVLTRUU_Index#@#PX_LAST,NAPMPRIC_Index#@#PX_LAST,CHPMINDX_Index#@#PX_LAST,MBAVCHNG_Index#@#PX_LAST,M2USSNQ_Index#@#PX_LAST,LF98TRUU_Index#@#PX_LAST,BFCIUS_Index#@#PX_LAST,CPUPXCHG_Index#@#PX_LAST,CL1_Comdty#@#PX_LAST,COCPIYOY_Index#@#PX_LAST,NAPMPMI_Index#@#PX_LAST,PRUSTOT_Index#@#PX_LAST,CPI_XYOY_Index#@#PX_LAST,DVGTR_Index#@#PX_LAST,NFP_TCH_Index#@#PX_LAST,M00IMV$T_Index#@#PX_LAST,BIGPIGP1_Index#@#PX_LAST,MXN_Curncy#@#PX_LAST,CPI_YOY_Index#@#PX_LAST,JPEICORE_Index#@#PX_LAST,CONSEXP_Index#@#PX_LAST,CHOVCHOV_Index#@#PX_LAST,SBMT_Index#@#PX_LAST,USMMMNCH_Index#@#PX_LAST,COMFCOMF_Index#@#PX_LAST,MXCPYOY_Index#@#PX_LAST,CPURNSA_Index#@#PX_LAST,RAG_Index#@#PX_LAST,IBOXHY_Index#@#PX_LAST,IBOXIG_Index#@#PX_LAST
0,1919.84,155.37,72.4,58.8,0.4,1250.32,546.93,0.453,0.3,27.64,8.25,56.7,67.3,2.0,904.68,228.0,1015.89,0.73,9.5925,2.7,105.059,108.6,5.25,724.034,4.0,66.0,11.02,168.8,633.769,99.2459,94.9309
1,1883.5,154.9,71.6,56.9,5.6,1216.25,547.99,0.376,0.1,30.43,8.89,55.8,67.3,2.2,819.87,131.0,965.005,0.21,9.369,3.2,110.693,107.8,5.25,732.559,1.0,65.0,10.52,169.8,673.1,99.0376,95.5595
2,2067.76,150.59,78.7,56.2,-7.0,1350.14,536.47,0.031,0.3,26.9,9.73,54.9,67.3,2.4,898.84,468.0,1056.96,0.0,9.253,3.8,113.206,101.7,5.5,740.408,17.0,63.0,10.11,171.2,710.7360000000001,97.0799,97.1769
3,2005.55,151.51,71.2,56.2,-1.2,1296.83,537.33,-0.505,0.2,25.74,9.96,54.7,67.3,2.3,912.84,287.0,1049.34,0.19,9.3925,3.1,110.712,103.7,5.5,740.762,-4.0,64.0,9.73,171.3,673.9630000000002,98.0039,96.4829
4,1964.4,150.52,65.7,53.3,-8.1,1277.16,531.82,-1.5830000000000002,0.2,29.01,10.0,53.2,67.1,2.4,947.46,226.0,1039.53,-0.06,9.507,3.2,107.886,104.8,5.5,741.367,-19.0,64.0,9.48,171.5,638.014,98.2228,95.6233
5,2012.83,156.5,62.9,53.5,4.3,1328.73,542.65,-0.7859999999999999,0.2,32.5,9.68,51.4,67.1,2.5,948.0,-44.0,1032.85,0.29,9.83,3.7,113.241,100.8,5.5,757.38,17.0,62.0,9.41,172.4,688.363,102.015,98.202
6,1981.36,157.33,63.4,52.7,-2.3,1316.26,546.79,-0.073,0.2,27.43,9.29,52.5,66.9,2.5,946.16,176.0,1021.65,0.52,9.352,3.7,116.829,104.5,5.5,762.195,26.0,65.0,9.12,172.8,657.372,103.177,99.2163
7,2104.43,160.06,58.1,47.1,1.7,1371.08,550.53,0.221,0.2,33.12,9.1,49.9,66.9,2.6,952.45,-13.0,1074.74,1.58,9.202,3.4,120.863,104.0,5.0,773.452,-35.0,66.0,9.1,172.8,717.279,106.044,100.512
8,1993.33,158.95,58.4,50.2,4.1,1329.8,545.72,-0.389,0.2,30.84,9.2,49.7,66.9,2.6,989.25,135.0,1070.44,0.57,9.437,3.5,119.292,103.4,5.0,781.727,-57.0,65.0,8.85,173.7,651.389,105.309,101.772
9,1984.91,154.6,57.7,47.9,4.4,1348.24,528.24,-0.292,0.2,32.7,8.99,48.7,66.8,2.5,1022.78,-14.0,1085.1,0.16,9.5665,3.4,116.772,100.7,5.0,787.5239999999999,-13.0,63.0,8.91,174.0,618.938,103.344,101.699
10,1828.42,145.45,58.1,43.2,-1.1,1259.67,507.32,-1.144,0.3,33.82,8.82,48.5,66.9,2.6,1015.37,228.0,1050.36,0.15,9.416,3.4,116.124,101.6,5.0,799.176,-15.0,65.0,8.87,174.1,526.086,100.422,102.699
11,1837.36,153.2,59.8,45.8,-15.7,1255.93,517.12,-1.155,0.1,26.8,8.75,43.9,67.0,2.6,1052.34,142.0,1084.87,0.21,9.6225,3.4,121.319,90.7,5.0,811.9910000000001,-21.0,63.0,8.96,174.0,512.356,105.279,104.923
12,1902.55,167.55,64.6,42.0,-8.2,1273.51,555.86,-0.593,0.3,28.66,8.49,42.3,67.2,2.6,1007.78,-25.0,1070.13,0.34,9.6775,3.7,127.262,86.4,4.75,824.6010000000001,-77.0,59.0,8.11,175.1,548.068,112.788,108.221
13,1729.07,167.6,55.6,41.4,-2.7,1168.01,563.26,-0.7440000000000001,0.3,27.39,8.06,42.1,67.1,2.7,988.02,72.0,1035.0,-0.05,9.6881,3.5,125.65,80.8,4.5,829.154,-76.0,57.0,7.09,175.8,456.11800000000005,112.741,108.559
14,1619.54,160.09,49.9,35.4,-1.4,1092.01,550.0,-1.521,0.2,26.29,7.81,43.1,67.2,2.7,940.6,-27.0,988.466,0.27,9.4615,2.9,124.812,83.9,4.0,834.534,-90.0,52.0,7.17,176.2,406.842,110.814,109.323
15,1745.39,155.56,48.0,39.5,9.9,1173.76,543.15,-0.851,0.2,28.46,7.98,42.7,66.9,2.6,969.97,-280.0,1042.82,0.48,9.239,3.3,124.389,82.2,3.75,835.4110000000002,-136.0,51.0,7.11,176.9,458.068,108.568,108.979
16,1757.09,157.14,45.1,37.5,4.3,1184.63,552.93,-0.52,0.1,28.37,7.87,41.3,66.7,2.5,993.92,-39.0,1062.68,0.51,9.1735,3.6,127.821,85.4,3.75,840.584,-141.0,51.0,6.95,177.7,452.3730000000001,108.763,110.054
17,1714.32,149.41,42.8,41.6,0.8,1152.68,537.42,-0.08199999999999999,0.4,26.25,7.93,43.2,66.7,2.7,966.76,-130.0,1021.57,0.09,9.041,3.2,130.406,86.9,3.5,841.7639999999999,-146.0,52.0,6.57,178.0,443.557,105.309,110.222
18,1697.44,153.02,39.9,39.3,-0.4,1160.11,545.33,-0.306,0.2,26.35,8.09,43.5,66.8,2.7,992.75,-111.0,1029.44,0.71,9.1415,2.7,125.543,88.4,3.5,857.431,-133.0,53.0,5.88,177.5,430.361,106.701,113.803
19,1591.18,153.51,35.0,43.0,11.9,1081.62,551.76,-0.47,0.2,27.2,8.03,46.3,66.5,2.7,954.27,-156.0,994.101,0.86,9.204,2.7,130.72899999999998,85.2,6.5,865.2310000000001,-150.0,51.0,5.93,177.5,395.435,107.831,115.135
20,1462.69,142.53,36.6,47.0,20.5,1015.14,514.68,-1.481,0.2,23.43,7.97,46.2,66.8,2.6,936.39,-241.0,944.683,0.11,9.514,2.6,126.957,73.5,6.5,877.988,-115.0,50.0,6.14,178.3,354.05800000000005,99.8292,115.615
21,1490.58,147.36,33.3,44.8,-6.0,1034.24,527.41,-1.541,0.2,21.18,8.01,40.8,66.7,2.6,929.21,-327.0,933.647,0.3,9.259,2.1,128.766,75.5,6.5,889.909,-145.0,48.0,5.89,177.7,373.455,102.725,118.674
22,1604.92,154.83,32.0,42.5,-17.6,1111.71,546.65,-0.977,0.4,19.44,7.78,44.1,66.7,2.8,974.73,-291.0,985.291,0.78,9.224,1.9,129.46,76.6,6.5,881.757,-147.0,49.0,5.39,177.4,408.769,107.009,117.636
23,1618.98,151.56,33.2,42.8,-17.9,1126.35,544.42,-0.758,0.2,19.84,7.65,45.3,66.7,2.7,987.57,-172.0,999.987,0.16,9.1575,1.6,131.547,82.3,6.5,878.565,-114.0,44.0,4.4,176.7,409.354,105.459,116.776
24,1595.35,149.04,43.9,44.9,-25.5,1112.96,548.21,-0.516,0.2,19.48,7.37,47.5,66.5,2.6,981.02,-135.0,991.671,0.47,9.1475,1.1,134.14600000000002,91.3,6.0,887.2080000000002,-124.0,44.0,4.79,177.1,401.47,106.335,117.591
25,1564.59,144.78,41.5,50.5,3.9,1111.28,540.56,-0.633,0.2,21.74,6.7,50.7,66.8,2.6,997.06,-136.0,1003.78,-0.16,9.119,1.1,139.305,87.2,5.5,896.86,-72.0,46.0,4.79,177.8,383.826,104.135,118.316
26,1623.43,147.62,51.9,55.9,-1.9,1134.96,553.57,-0.36,0.1,26.31,5.89,52.4,66.6,2.4,1014.94,-21.0,1036.15,0.17,9.035,1.5,139.498,92.7,4.75,887.82,-72.0,50.0,4.66,178.8,398.219,107.135,114.695
27,1525.0,148.27,60.3,55.2,9.2,1051.75,562.2,-0.494,0.3,27.29,5.65,52.4,66.7,2.5,969.42,-78.0,1001.3,0.06,9.395,1.6,141.513,89.1,4.75,904.366,-51.0,47.0,4.7,179.8,367.237,104.643,116.189
28,1513.77,145.93,63.0,57.6,13.6,1038.16,559.3,-0.5,0.2,25.31,5.84,53.1,66.7,2.5,965.72,-5.0,999.988,0.17,9.645,1.2,140.841,92.7,4.0,911.002,-55.0,48.0,4.68,179.8,357.182,103.421,117.26
29,1405.94,128.9,65.5,57.1,0.4,980.3,518.06,-0.956,0.1,26.86,6.25,53.6,66.6,2.3,916.23,56.0,944.895,0.68,9.9465,1.1,134.369,87.9,4.0,918.369,-39.0,47.0,4.94,179.9,323.996,96.9707,115.285
30,1296.34,119.91,68.3,53.0,23.2,909.96,495.43,-1.472,0.2,27.02,6.16,50.2,66.5,2.2,863.65,-84.0,884.192,0.82,9.8695,1.5,129.042,81.0,3.25,928.729,-42.0,44.0,5.51,180.1,303.81,90.4599,114.929
31,1304.85,128.74,61.5,54.4,-1.9,913.37,509.56,-1.605,0.3,28.98,5.98,50.3,66.6,2.4,866.19,-14.0,892.433,1.01,9.935,1.8,137.525,80.6,3.0,936.896,-85.0,44.0,5.29,180.7,304.402,91.8134,118.651
32,1163.04,123.41,62.5,51.5,8.6,811.98,502.87,-2.547,0.1,30.45,5.97,50.5,66.7,2.2,789.7,-60.0,806.94,1.13,10.2065,1.5,134.725,79.9,3.0,943.713,-52.0,42.0,4.95,181.0,273.084,89.7271,121.02
33,1265.41,123.18,58.3,45.7,-19.3,896.64,498.48,-2.146,0.1,27.22,6.37,49.0,66.6,2.2,848.0,122.0,842.4110000000002,1.57,10.2025,2.0,141.86,73.1,3.0,947.287,-59.0,39.0,4.94,181.3,297.225,89.7841,120.1
34,1339.89,134.57,55.7,53.9,-17.0,937.84,529.36,-1.53,0.2,26.89,7.07,48.5,66.4,2.0,865.83,13.0,864.3560000000001,2.31,10.1465,2.2,146.204,78.5,3.0,946.39,-68.0,40.0,5.39,181.3,313.918,95.2015,121.16
35,1261.18,136.42,56.9,53.3,4.7,887.2,536.76,-1.705,0.1,31.2,6.99,51.6,66.3,1.9,828.83,-158.0,846.914,2.61,10.37,2.4,149.912,80.8,3.0,956.374,-80.0,39.0,5.7,180.9,291.838,96.1386,124.99
36,1228.14,144.75,57.5,54.0,-2.5,854.52,554.63,-1.692,0.2,33.51,7.39,51.3,66.4,1.9,797.75,92.0,818.982,1.34,10.9063,2.6,152.238,72.8,2.75,959.092,-46.0,37.0,5.16,181.7,284.498,98.3083,125.14
37,1209.71,146.94,65.5,53.4,10.8,838.29,561.47,-1.6230000000000002,0.1,36.6,7.24,48.8,66.4,1.7,783.17,-149.0,800.472,0.89,11.015999999999998,3.0,156.78,69.9,2.75,965.65,-85.0,40.0,5.52,183.1,282.416,99.5507,128.3
38,1221.46,151.13,70.0,49.8,-17.0,845.66,577.62,-1.571,0.0,31.04,7.6,46.3,66.3,1.7,803.79,-209.0,807.297,0.63,10.77,3.0,158.255,69.6,2.75,965.344,-60.0,37.0,5.64,184.2,287.341,100.732,128.11
39,1322.07,162.04,63.5,47.0,-0.5,908.01,611.89,-0.804,0.0,25.8,7.85,46.1,66.4,1.5,861.21,-44.0,862.1619999999998,0.69,10.29,2.2,167.732,79.3,2.75,969.006,-112.0,40.0,5.25,183.8,308.785,105.841,130.97
40,1391.72,163.15,51.5,50.2,13.6,952.5,618.21,-0.805,0.2,29.56,7.73,49.0,66.4,1.6,887.49,-7.0,900.587,0.01,10.3145,2.1,175.245,91.4,2.75,969.482,-52.0,40.0,4.7,183.5,325.138,106.157,135.34
41,1409.48,168.31,56.5,55.0,5.2,959.8,635.99,-0.84,0.1,30.19,7.21,49.0,66.5,1.5,894.36,10.0,908.062,-0.47,10.457,2.1,175.335,86.4,2.75,971.566,-64.0,40.0,4.27,183.7,329.3540000000001,108.291,134.82
42,1434.33,165.71,53.0,54.5,-24.3,977.19,629.0,-0.5329999999999999,0.2,30.54,7.04,51.0,66.2,1.5,905.41,22.0,910.918,-0.17,10.6028,2.1,169.243,83.7,2.75,954.027,-91.0,41.0,4.13,183.9,338.523,106.411,127.39
43,1462.3,168.44,53.0,60.2,-1.6,996.88,636.23,-0.3720000000000001,0.1,31.57,7.26,53.2,66.1,1.3,908.6,-41.0,918.685,0.0,11.0471,2.2,173.208,82.5,2.75,960.236,-26.0,41.0,4.04,184.6,347.335,107.19,128.55
44,1446.77,173.38,56.0,53.6,1.1,983.08,653.62,-0.735,0.1,29.2,7.11,52.4,66.1,1.2,902.69,104.0,916.073,0.69,10.986,2.3,180.011,80.8,2.75,976.653,-29.0,40.0,4.04,185.2,342.925,109.355,133.69
45,1528.62,176.78,58.5,54.5,5.5,1039.48,666.82,-0.157,0.2,29.11,6.58,55.2,66.1,1.3,949.5,203.0,956.873,0.37,11.0175,2.0,181.13,83.0,2.75,973.337,-13.0,41.0,3.96,185.0,362.65,111.915,131.97
46,1542.07,178.81,64.0,61.9,-11.7,1045.25,676.93,-0.054000000000000006,0.0,30.41,6.13,58.4,66.1,1.1,952.34,11.0,969.959,0.23,11.3785,1.8,183.13,88.1,2.75,976.178,-18.0,45.0,3.98,184.5,366.713,112.759,132.22
47,1622.94,182.91,66.0,61.4,-9.0,1098.16,692.26,-0.113,0.1,32.52,6.49,60.1,65.9,1.1,993.04,123.0,1016.13,0.27,11.2285,1.9,188.811,89.8,2.25,985.717,-16.0,45.0,3.98,184.3,378.11800000000005,114.963,134.09
48,1652.73,185.15,75.5,64.9,-1.5,1108.01,705.47,0.048,0.2,33.05,6.19,60.8,66.1,1.1,1002.77,159.0,1030.42,0.33,11.0614,1.9,189.884,100.1,1.75,991.981,-10.0,48.0,4.2,185.2,386.603,116.588,135.61
49,1675.7,184.59,81.5,64.0,2.8,1114.2,703.7,0.153,0.2,36.16,6.28,59.9,66.0,1.2,1028.83,48.0,1051.03,0.08,11.065,1.7,190.901,88.5,1.75,1000.59,-11.0,42.0,4.53,186.2,388.364,116.204,137.46
50,1650.42,185.57,86.0,57.6,-2.1,1100.66,708.48,-0.005,0.3,35.76,6.21,60.6,66.0,1.6,1020.27,331.0,1047.69,0.66,11.1251,1.7,195.971,88.8,1.75,1004.99,8.0,41.0,4.23,187.4,381.566,116.609,139.01
51,1624.51,183.98,88.0,63.9,4.4,1099.54,703.66,0.057,0.2,37.38,5.49,60.6,65.9,1.8,1019.76,251.0,1033.37,0.52,11.4198,2.3,184.905,87.3,1.75,987.34,28.0,44.0,4.21,188.0,375.81,117.387,133.7
52,1646.8,181.11,86.0,65.7,-1.2,1106.88,691.74,0.117,0.2,39.88,5.37,61.4,66.0,1.7,1027.78,307.0,1042.53,0.42,11.452,3.1,181.93,81.6,1.75,984.16,27.0,41.0,4.29,189.1,382.462,115.203,132.32
53,1678.83,183.69,81.0,60.4,-4.4,1125.24,701.66,0.009000000000000001,0.2,37.05,6.07,60.5,66.1,1.9,1037.54,77.0,1056.44,0.66,11.4865,3.3,184.562,88.5,1.75,992.673,-10.0,45.0,4.37,189.7,387.446,116.081,133.08
54,1623.26,187.14,77.0,63.3,-0.2,1088.67,711.2,0.08900000000000001,0.1,43.8,6.19,59.9,66.1,1.8,1007.43,45.0,1032.26,0.56,11.4152,3.0,190.429,91.2,1.75,1002.02,-2.0,47.0,4.49,189.4,364.298,117.511,134.93
55,1629.83,191.64,81.5,59.7,-0.6,1093.51,725.15,0.091,0.1,42.12,5.89,58.5,66.0,1.7,1027.86,119.0,1055.88,0.19,11.389,2.7,198.216,88.2,1.75,1018.49,15.0,44.0,4.82,189.5,361.5630000000001,120.013,138.71
56,1647.48,194.96,76.0,62.7,4.9,1101.42,735.68,0.162,0.3,49.64,5.97,57.4,65.8,2.0,1023.76,162.0,1064.53,0.35,11.382,2.5,201.46400000000003,88.0,2.0,1019.89,-14.0,45.0,5.06,189.9,366.059,121.92,139.76
57,1672.65,200.01,78.5,67.0,8.2,1101.35,748.97,0.061,0.2,51.76,5.9,56.3,65.9,2.0,1029.94,346.0,1077.54,0.05,11.5363,3.2,204.825,83.8,2.0,1028.62,1.0,47.0,5.4,190.9,371.835,124.428,141.35
58,1740.33,201.06,74.0,63.5,-5.8,1145.64,758.0,0.508,0.2,49.13,5.82,56.2,66.0,2.2,1056.44,66.0,1125.76,0.33,11.224,3.5,206.154,85.2,2.25,1025.59,-25.0,46.0,5.43,191.0,385.713,125.274,139.75
59,1799.55,203.49,72.0,61.2,-10.6,1193.37,769.3,0.407,0.2,43.45,5.5,57.2,65.9,2.2,1092.55,129.0,1163.58,0.62,11.147,3.3,211.072,90.9,2.25,1033.13,-20.0,47.0,5.19,190.3,400.412,126.617,141.8
60,1755.68,202.94,69.0,63.0,7.3,1173.3,768.3,0.457,0.2,48.2,5.43,56.8,65.8,2.3,1075.17,136.0,1143.32,0.2,11.187,3.0,212.566,85.7,2.5,1038.38,-30.0,45.0,4.54,190.7,386.46,125.659,142.91899999999995
61,1792.63,206.9,65.5,65.3,-2.4,1201.89,779.6,0.8540000000000001,0.2,51.75,5.25,55.5,65.9,2.4,1095.19,239.0,1167.59,0.18,11.0914,3.0,214.108,84.4,2.75,1033.89,16.0,45.0,4.27,191.8,390.198,127.674,141.73
62,1760.89,199.42,73.0,65.3,2.4,1185.81,756.93,0.331,0.4,55.4,5.03,55.2,65.9,2.3,1077.7,135.0,1156.1,0.4,11.1703,3.1,208.669,82.8,2.75,1031.08,-4.0,44.0,4.39,193.3,382.114,124.056,139.656
63,1727.49,197.69,71.0,65.5,0.2,1152.95,749.55,0.214,0.0,49.72,5.01,52.2,66.1,2.2,1057.29,364.0,1157.47,0.67,11.0477,3.5,211.131,77.0,3.0,1043.28,-19.0,42.0,4.6,194.6,373.21,122.772,141.977
64,1782.46,203.58,58.0,53.3,-2.8,1192.17,762.86,0.358,0.1,51.97,5.04,50.8,66.1,2.2,1087.52,177.0,1182.87,-0.03,10.879,2.8,217.083,75.3,3.25,1051.7,6.0,44.0,4.6,194.4,391.425,124.844,144.1
65,1784.99,207.08,50.5,57.1,-1.1,1202.1,777.83,0.418,0.0,56.5,4.83,52.4,66.1,2.0,1083.58,245.0,1188.94,-0.3,10.749,2.5,221.257,85.0,3.25,1055.35,-29.0,44.0,4.33,194.5,390.849,126.858,145.266
66,1851.37,210.48,48.5,62.1,-0.3,1247.74,791.43,0.7340000000000001,0.1,60.57,4.91,52.8,66.1,2.1,1118.46,374.0,1222.41,-0.09,10.5949,3.2,220.938,85.5,3.5,1050.37,-1.0,44.0,4.47,195.4,410.497,128.342,143.115
67,1834.48,210.39,62.5,52.0,-4.5,1222.92,792.94,0.4320000000000001,0.1,68.94,4.88,52.4,66.2,2.1,1097.0,196.0,1209.04,-0.36,10.7512,3.6,225.248,76.9,3.75,1059.73,-23.0,44.0,3.95,196.4,404.669,128.622,145.42
68,1849.33,208.45,78.0,58.0,-1.1,1230.5,785.03,0.391,0.1,66.24,5.02,56.8,66.1,2.0,1099.64,67.0,1214.08,-0.56,10.759,4.7,229.677,63.3,4.0,1053.87,-28.0,39.0,3.51,198.8,406.309,127.281,142.68
69,1818.5,206.44,84.0,62.1,-4.8,1224.02,779.55,0.318,0.3,59.76,5.27,57.2,66.1,2.1,1092.54,84.0,1197.47,0.25,10.787,4.3,226.33,63.2,4.25,1047.14,17.0,40.0,3.05,199.2,401.169,126.824,140.37
70,1887.28,208.46,74.0,61.5,-1.8,1273.68,783.62,0.386,0.2,57.32,5.1,56.7,66.0,2.1,1123.42,341.0,1233.5,0.16,10.558,3.5,229.591,69.6,4.5,1050.33,-5.0,43.0,2.91,197.6,418.432,128.046,141.45
71,1887.94,209.86,63.0,60.3,-1.5,1258.1,790.35,0.441,0.1,61.04,4.85,55.1,66.0,2.2,1123.67,157.0,1240.65,0.06,10.635,3.4,233.793,80.2,4.5,1061.27,6.0,45.0,3.33,196.8,416.731,129.215,142.99
72,1937.93,212.69,65.0,60.4,-5.1,1273.94,802.96,0.8909999999999999,0.2,67.92,4.56,55.0,66.0,2.1,1141.96,278.0,1268.44,0.4,10.4498,4.0,236.63,78.9,4.5,1063.87,17.0,45.0,3.94,198.3,426.686,130.168,142.65
73,1943.19,214.79,62.5,58.8,-1.2,1281.27,808.32,1.05,0.2,61.41,4.19,55.8,66.1,2.1,1154.47,315.0,1273.62,0.03,10.4883,3.6,241.93,74.5,4.75,1069.48,-1.0,44.0,3.75,198.7,425.254,131.0,143.13
74,1967.38,215.03,66.5,59.3,7.2,1296.51,813.16,0.804,0.3,66.63,4.11,54.3,66.2,2.1,1161.59,282.0,1282.1,-0.09,10.874,3.4,237.722,76.0,4.75,1059.77,5.0,47.0,3.41,199.8,432.495,131.44799999999998,140.92
75,1993.79,216.95,71.5,58.4,8.8,1308.29,818.17,0.918,0.2,71.88,4.12,55.2,66.1,2.3,1172.2,183.0,1289.86,-0.43,11.0613,3.5,237.678,73.4,5.0,1059.99,12.0,43.0,3.2,201.5,431.621,132.149,140.2
76,1936.41,215.55,77.0,58.5,-1.9,1261.91,818.06,0.703,0.3,71.29,4.04,53.7,66.1,2.4,1157.63,25.0,1265.38,0.21,11.3373,4.2,232.651,68.2,5.0,1057.16,-23.0,41.0,3.0,202.5,414.929,131.128,140.4
77,1939.03,215.21,76.5,57.0,5.9,1263.09,815.19,0.637,0.2,73.93,3.94,52.0,66.2,2.6,1152.35,79.0,1276.37,0.27,11.3463,4.3,232.012,72.0,5.0,1060.03,10.0,45.0,3.18,202.9,413.033,130.43200000000002,140.12
78,1950.99,216.97,78.5,58.1,-1.2,1258.84,823.17,0.664,0.2,74.4,4.32,53.0,66.1,2.7,1156.88,206.0,1301.3,0.17,10.9656,4.1,239.932,72.5,5.25,1075.8,-25.0,45.0,3.06,203.5,403.798,131.013,142.37
79,1997.42,220.9,73.0,56.9,-0.9,1291.8,836.52,0.946,0.2,70.26,4.72,53.7,66.2,2.8,1183.09,183.0,1325.95,0.16,10.9128,3.8,246.174,68.0,5.25,1091.43,-29.0,41.0,3.47,203.9,415.74300000000005,132.876,145.21
80,2048.89,224.3,61.0,58.7,11.9,1326.49,848.38,0.732,0.2,62.91,4.58,52.2,66.1,2.9,1210.26,153.0,1344.3,0.21,10.985,2.1,247.444,78.2,5.25,1098.65,-34.0,44.0,4.09,202.9,426.064,134.69899999999998,146.86
81,2115.65,227.86,47.0,53.7,-3.0,1377.47,859.92,1.036,0.2,58.73,4.19,51.4,66.2,2.7,1244.71,8.0,1383.7,0.19,10.7733,1.3,252.508,84.8,5.25,1106.89,-50.0,48.0,4.29,201.8,441.887,136.37,147.94
82,2155.89,231.88,53.5,50.5,-3.9,1408.1,874.37,0.961,0.1,63.13,4.31,50.3,66.3,2.6,1252.84,209.0,1409.82,0.71,10.9823,2.0,255.763,83.2,5.25,1119.33,-34.0,51.0,4.09,201.5,450.17800000000005,138.075,150.16
83,2186.13,235.02,47.5,51.6,3.6,1418.81,883.97,1.039,0.1,61.05,4.48,51.4,66.4,2.6,1274.2,171.0,1426.22,0.18,10.8033,2.5,257.779,81.2,5.25,1116.09,-26.0,49.0,4.05,201.8,450.9980000000001,139.404,148.683
84,2219.19,237.65,53.6,50.8,3.2,1435.28,893.84,1.244,0.2,58.14,4.71,50.4,66.4,2.7,1294.18,234.0,1451.22,0.32,11.0242,2.1,257.023,87.6,5.0,1117.03,-7.0,49.0,3.98,202.416,462.117,140.406,148.455
85,2175.78,241.44,62.5,50.4,3.2,1408.18,906.34,0.932,0.3,61.79,5.25,54.1,66.3,2.7,1271.68,85.0,1433.38,0.11,11.1619,2.4,261.398,81.5,5.0,1130.68,-11.0,49.0,4.11,203.499,453.396,142.514,151.876
86,2200.12,242.48,65.5,58.9,-3.2,1420.22,907.3,0.882,0.1,65.87,5.78,52.8,66.2,2.5,1276.22,214.0,1441.47,0.19,11.0494,2.8,263.891,78.7,5.0,1133.59,-27.0,49.0,4.21,205.352,455.547,142.91,150.941
87,2297.57,246.21,73.0,54.6,0.6,1489.13,919.09,0.7959999999999999,0.2,65.71,6.26,52.7,65.9,2.3,1328.63,59.0,1495.14,-0.16,10.9658,2.6,265.703,75.9,5.0,1138.92,-25.0,48.0,3.99,206.686,475.99300000000005,144.906,151.732
88,2377.75,248.17,72.6,60.7,-7.3,1544.04,925.96,0.8320000000000001,0.1,64.01,6.23,53.1,66.0,2.2,1365.42,153.0,1533.8,-0.19,10.7416,2.7,264.362,77.6,5.0,1131.64,-16.0,43.0,3.95,207.949,492.847,145.641,150.24
89,2338.25,241.43,67.1,59.6,0.1,1522.33,909.33,0.589,0.2,70.68,6.03,54.0,66.0,2.2,1347.9,77.0,1486.73,0.31,10.8084,2.7,258.58,74.7,5.0,1125.75,-18.0,44.0,3.98,208.352,485.423,141.858,148.976
90,2265.75,231.25,67.4,54.0,-0.3,1488.75,877.13,0.105,0.2,78.21,5.77,51.8,66.0,2.2,1314.72,-30.0,1440.82,0.15,10.986,2.4,255.72,81.5,5.25,1133.19,-22.0,46.0,4.14,208.299,476.084,135.334,149.571
91,2299.71,236.55,62.9,52.1,1.3,1509.08,889.09,-1.778,0.2,74.04,5.22,52.2,65.8,2.1,1342.1,-28.0,1470.61,0.27,11.0303,2.0,258.803,73.7,5.5,1148.79,-61.0,40.0,4.03,207.917,483.435,139.961,150.469
92,2385.72,244.42,60.4,52.9,-2.7,1569.58,912.36,-1.32,0.2,81.66,5.01,53.8,66.0,2.1,1388.85,96.0,1524.04,0.8,10.9355,2.8,265.191,74.1,5.75,1158.02,-38.0,44.0,3.79,208.49,502.732,144.22,152.249
93,2423.67,244.81,63.9,50.3,3.8,1605.83,917.83,-0.5660000000000001,0.2,94.53,5.16,52.8,65.8,2.2,1383.69,78.0,1542.51,0.84,10.6542,3.5,272.338,70.1,5.75,1169.37,-26.0,43.0,3.74,208.936,520.001,144.95600000000005,154.215
94,2322.34,238.93,72.0,52.6,22.5,1559.02,897.92,-2.863,0.3,88.71,5.41,51.5,66.0,2.3,1357.17,106.0,1505.5,0.34,10.9202,4.3,271.342,66.2,5.75,1191.01,-7.0,40.0,3.93,210.177,498.804,141.013,154.94
95,2306.23,239.93,65.7,55.8,-11.6,1561.7,900.54,-2.269,0.2,95.98,5.69,50.1,66.0,2.4,1348.26,104.0,1487.7,1.09,10.8988,4.1,273.10900000000004,65.6,6.0,1194.11,-11.0,40.0,3.76,210.036,496.885,142.714,154.653
96,2167.9,235.58,76.2,50.9,7.5,1449.92,888.52,-2.169,0.3,91.75,6.0,50.9,66.2,2.5,1289.65,8.0,1418.96,0.67,10.8272,4.3,275.088,68.1,6.25,1216.33,-21.0,36.0,3.7,211.08,457.317,139.908,157.213
97,2097.48,230.95,75.7,47.1,3.0,1416.79,876.4,-2.987,0.1,101.84,6.35,48.8,66.0,2.3,1258.86,-81.0,1376.35,0.42,10.7136,4.0,274.387,62.4,6.25,1216.66,-29.0,31.0,3.72,211.693,447.104,138.89700000000002,157.12
98,2088.42,231.76,83.1,50.4,-28.7,1420.1,873.38,-3.205,0.2,101.58,5.93,49.7,66.1,2.4,1283.15,-55.0,1376.31,0.34,10.6421,4.0,273.806,60.1,6.25,1223.69,-37.0,34.0,4.25,213.528,443.897,138.637,155.261
99,2190.13,243.53,83.9,48.1,-11.1,1472.48,911.02,-2.807,0.1,113.46,5.73,48.5,65.9,2.3,1318.2,-229.0,1434.51,0.33,10.486,3.9,276.497,53.3,6.25,1223.83,-60.0,29.0,4.55,214.823,466.867,144.032,156.232
100,2218.5,244.9,88.1,49.9,-15.3,1517.85,914.31,-1.644,0.2,127.35,6.39,48.9,66.1,2.3,1323.68,-184.0,1449.96,1.36,10.33,4.2,277.01,51.1,6.25,1216.68,-35.0,25.0,4.95,216.632,484.08,144.809,154.97299999999996
101,2031.47,237.3,91.4,49.8,3.6,1418.92,888.75,-2.386,0.2,140.0,7.18,49.9,66.1,2.4,1219.02,-154.0,1352.68,1.97,10.3098,5.0,271.033,49.2,6.75,1216.34,-60.0,29.0,5.26,218.815,449.253,139.332,153.872
102,2014.39,233.98,90.4,50.5,-14.1,1388.6,876.91,-2.49,0.3,124.08,7.52,50.8,66.1,2.5,1231.88,-213.0,1378.81,1.55,10.0368,5.6,274.723,53.5,7.25,1214.18,-74.0,27.0,5.39,219.96400000000003,441.839,138.974,152.933
103,2043.53,234.03,76.5,56.0,7.5,1416.79,879.98,-2.342,0.2,115.46,7.87,50.1,66.1,2.5,1256.29,-277.0,1404.7,-0.01,10.287,5.4,276.851,57.9,7.75,1228.44,-72.0,26.0,5.57,219.086,446.42,139.14600000000002,154.714
104,1861.44,210.62,55.1,56.1,-23.0,1316.62,809.78,-7.522,0.1,100.64,7.57,47.2,66.0,2.5,1171.85,-443.0,1364.11,0.0,10.9378,4.9,257.02,67.2,8.25,1242.57,-83.0,29.0,5.47,218.783,394.382,128.799,142.216
105,1548.81,173.01,39.8,37.4,-20.3,1108.95,680.97,-9.022,0.0,67.81,7.94,38.2,66.0,2.2,1001.61,-475.0,1165.95,0.55,12.8259,3.7,216.136,57.0,8.25,1222.23,-128.0,25.0,5.78,216.573,323.404,106.545,133.59
106,1437.68,156.05,28.4,33.6,112.1,1063.71,617.55,-8.622,0.1,54.43,7.73,39.0,65.9,2.0,980.65,-759.0,1106.23,0.8,13.4647,1.1,222.522,53.9,8.25,1273.76,-113.0,23.0,6.23,212.425,296.017,98.973,140.553
107,1452.98,171.88,17.1,32.5,0.0,1073.73,665.0,-6.428,0.0,44.6,7.67,34.5,65.8,1.8,992.17,-707.0,1106.06,0.14,13.6733,0.1,241.256,54.0,8.25,1295.51,-184.0,25.0,6.53,210.228,301.539,108.64,156.131
108,1330.51,183.96,29.0,33.0,8.6,998.35,704.86,-5.106,0.2,41.68,7.18,36.4,65.7,1.7,911.76,-787.0,1007.38,-0.31,14.3333,0.0,243.006,57.8,7.25,1297.58,-289.0,23.0,6.28,211.143,286.24,115.482,154.42600000000004
109,1188.84,173.89,29.9,33.2,-12.6,902.19,682.99,-5.482,0.2,44.76,6.47,36.6,65.8,1.8,818.3,-704.0,910.455,0.42,15.255,0.2,239.543,50.5,4.75,1304.68,-181.0,26.0,6.2,212.193,263.523,110.577,149.85
110,1292.98,181.04,31.6,33.2,3.0,980.2,704.77,-5.1560000000000015,0.2,49.66,6.14,37.2,65.6,1.8,878.11,-802.0,970.731,-0.45,14.1722,-0.4,248.24,53.5,2.25,1324.72,-172.0,26.0,6.04,212.709,286.503,111.376,148.25799999999995
111,1416.73,206.52,31.4,38.9,-18.1,1046.91,790.08,-4.07,0.2,51.12,5.73,39.9,65.7,1.9,940.58,-704.0,1041.32,-0.53,13.8408,-0.7,262.139,63.1,1.75,1327.27,-178.0,28.0,6.17,213.24,314.821,121.499,151.921
112,1495.97,222.51,45.0,37.5,-16.2,1102.84,843.24,-2.907,0.1,66.31,4.77,44.1,65.7,1.8,986.37,-354.0,1087.48,-0.52,13.1506,-1.3,272.621,69.4,1.25,1329.29,-168.0,25.0,5.98,213.856,329.53,128.506,157.061
113,1498.94,227.78,47.9,40.9,-18.9,1115.97,867.39,-2.681,0.1,69.89,3.81,46.3,65.7,1.7,991.07,-469.0,1099.19,0.29,13.185,-1.4,275.893,69.2,0.75,1330.47,-136.0,24.0,5.74,215.693,333.2290000000001,132.165,161.705
114,1612.31,244.63,52.8,43.6,4.4,1183.79,920.18,-1.901,0.1,69.45,3.28,49.7,65.5,1.5,1057.63,-342.0,1168.34,-0.23,13.1917,-2.1,284.738,63.2,0.5,1341.74,-58.0,26.0,5.44,215.351,356.779,141.27700000000004,168.18099999999995
115,1670.52,247.86,62.3,49.5,-2.2,1215.31,937.34,-1.481,0.1,69.96,3.13,53.4,65.4,1.4,1082.98,-196.0,1203.6,-0.68,13.3633,-1.5,290.309,65.0,0.5,1351.25,-42.0,28.0,5.08,215.834,363.162,141.461,172.083
116,1732.86,264.13,63.3,46.6,-2.8,1254.95,990.72,-1.067,0.2,70.61,3.21,54.9,65.1,1.5,1118.23,-229.0,1245.63,0.28,13.5115,-1.3,305.76,73.5,0.5,1362.96,-35.0,27.0,4.89,215.969,378.765,149.418,175.543
117,1700.67,268.46,64.3,53.9,8.2,1245.57,1008.5,-1.454,0.3,77.0,2.72,57.6,65.0,1.7,1112.87,-209.0,1214.31,0.1,13.1977,-0.2,306.183,68.6,0.5,1372.19,-53.0,25.0,4.5,216.177,371.73,150.68,175.315
118,1802.68,269.54,55.4,55.3,2.1,1317.4,1018.66,-0.91,0.1,77.28,2.37,55.4,65.0,1.7,1176.91,12.0,1284.13,-0.1,12.9342,1.8,309.452,66.5,0.5,1390.69,-29.0,27.0,3.86,216.33,392.937,151.866,177.891
119,1837.5,281.0,63.8,55.3,-22.8,1341.52,1052.08,-0.51,0.1,79.36,2.0,55.8,64.6,1.8,1186.56,-277.0,1309.08,-0.16,13.0914,2.7,310.688,68.9,0.5,1370.07,-34.0,28.0,3.57,215.949,406.097,156.942,176.107
120,1771.4,282.89,68.0,59.0,21.0,1294.28,1065.39,-0.634,-0.1,72.89,2.1,56.3,64.8,1.6,1159.94,18.0,1275.36,0.27,13.095,2.6,311.009,70.1,0.5,1388.71,-15.0,25.0,4.46,216.687,388.11800000000005,157.874,178.22400000000005
121,1826.27,282.95,65.1,57.3,14.6,1318.53,1067.25,-0.219,0.0,79.66,2.09,55.5,64.9,1.3,1188.92,-73.0,1302.42,0.98,12.772,2.1,315.613,68.4,0.5,1392.0,-7.0,25.0,4.83,216.741,401.008,157.32299999999995,178.767
122,1936.48,292.85,75.2,59.3,1.3,1392.23,1100.71,0.03,0.0,83.76,1.84,58.8,64.9,1.1,1241.78,193.0,1350.52,0.95,12.365,2.3,323.648,67.9,0.5,1391.18,0.0,28.0,4.97,217.631,424.244,161.659,179.545
123,1967.05,300.21,78.0,60.9,4.0,1413.74,1126.51,-0.21,0.0,86.15,1.98,58.1,65.2,0.9,1269.5,221.0,1362.19,0.27,12.3109,2.2,325.971,66.5,0.5,1399.25,36.0,26.0,4.27,218.009,429.709,165.15,182.701
124,1809.98,285.53,77.0,63.7,0.9,1299.9,1086.03,-1.476,0.1,73.97,2.07,57.4,64.9,0.9,1178.3,522.0,1282.58,0.47,12.9346,2.0,320.93,68.8,0.5,1416.88,36.0,28.0,3.92,218.178,396.514,158.77,182.013
125,1715.23,290.81,54.9,61.8,8.8,1255.14,1099.55,-1.758,0.1,75.63,2.25,56.5,64.6,0.9,1127.4,-140.0,1261.91,2.21,12.9409,1.1,327.494,69.8,1.0,1434.66,20.0,29.0,3.69,217.965,373.782,161.445,186.656
126,1835.4,303.08,55.6,64.2,1.3,1331.91,1138.65,-0.878,0.1,78.95,2.24,56.1,64.6,0.9,1199.3,-78.0,1322.3,0.14,12.6453,1.2,341.899,62.3,1.5,1445.55,16.0,26.0,3.64,218.011,400.019,167.43599999999995,190.478
127,1752.55,301.48,61.8,59.8,2.7,1288.02,1139.06,-0.94,0.1,71.92,2.31,56.4,64.7,0.9,1158.37,-16.0,1304.55,0.42,13.2046,1.1,350.522,62.9,2.0,1448.06,-8.0,28.0,3.68,218.312,379.716,166.438,195.46400000000003
128,1908.95,311.86,69.8,61.8,-0.8,1403.91,1173.38,-0.7509999999999999,0.1,79.97,2.28,55.3,64.6,0.8,1254.63,-63.0,1397.31,0.99,12.5936,1.1,356.421,60.9,2.5,1442.13,10.0,28.0,3.7,218.439,420.726,171.52,197.232
129,1981.58,321.1,73.8,61.6,-5.0,1460.46,1203.68,-0.67,0.1,81.43,2.33,56.9,64.4,0.6,1289.73,267.0,1442.71,0.75,12.345,1.2,363.071,61.9,2.75,1456.25,-1.0,27.0,4.02,218.711,440.374,175.78,196.968
130,1981.84,315.69,69.0,61.4,-16.5,1460.2,1189.62,-0.871,0.1,84.11,2.59,57.3,64.6,0.8,1294.41,129.0,1430.64,0.79,12.4877,1.1,350.291,64.8,3.0,1454.67,23.0,28.0,4.32,218.803,445.776,173.04,195.064
131,2114.29,323.4,73.3,64.5,2.3,1531.99,1211.19,-0.557,0.1,91.38,3.17,56.6,64.3,0.8,1363.02,73.0,1501.56,0.83,12.3401,1.5,348.719,67.5,3.25,1445.37,10.0,28.0,4.4,219.179,470.625,176.685,192.609
132,2164.4,331.34,79.6,65.9,11.3,1555.92,1237.91,-0.528,0.2,92.19,3.4,59.1,64.2,1.0,1381.88,44.0,1499.25,0.42,12.1219,1.6,346.80800000000005,69.3,3.25,1448.25,26.0,29.0,3.78,220.223,481.128,180.759,193.483
133,2238.55,335.34,80.2,64.7,-6.5,1605.9,1254.13,-0.149,0.2,96.97,3.17,59.2,64.1,1.1,1430.38,182.0,1545.74,0.66,12.1016,2.1,347.546,71.6,3.5,1451.65,33.0,30.2,3.57,221.30900000000003,497.051,183.174,194.297
134,2239.44,336.14,82.3,68.8,-7.5,1613.43,1258.19,-0.209,0.1,106.72,3.19,58.4,64.2,1.2,1445.75,254.0,1570.08,0.48,11.9048,2.7,351.825,57.9,4.0,1454.23,21.0,26.6,3.04,223.467,498.6,183.552,194.189
135,2305.76,341.63,82.6,66.1,4.0,1674.73,1277.69,-0.001,0.1,113.93,2.84,57.9,64.2,1.3,1496.21,323.0,1633.25,0.55,11.4959,3.2,356.764,61.6,4.5,1470.45,29.0,27.5,3.36,224.906,515.109,186.348,198.098
136,2279.66,342.52,77.9,58.4,-4.0,1661.01,1283.92,-0.015,0.2,102.7,3.02,54.8,64.1,1.5,1477.69,81.0,1651.18,0.7,11.5693,3.6,362.403,69.5,5.0,1487.12,9.0,26.5,3.25,225.96400000000003,508.206,186.88,201.151
137,2241.66,339.02,70.3,63.5,-2.7,1658.37,1271.42,-0.177,0.2,95.42,3.23,55.8,64.0,1.6,1466.87,234.0,1632.37,-0.09,11.7135,3.6,366.262,64.7,5.25,1488.32,14.0,28.1,3.28,225.722,500.033,184.882,199.296
138,2196.08,344.57,59.1,61.9,7.1,1645.14,1286.16,-0.597,0.2,95.7,3.42,52.9,64.0,1.8,1416.55,72.0,1578.06,-0.21,11.7354,3.6,373.443,55.9,5.25,1501.95,19.0,26.2,3.55,225.922,493.529,187.24400000000003,203.918
139,2076.78,330.13,57.5,59.1,-9.6,1582.84,1234.68,-1.516,0.3,88.81,3.27,52.6,64.1,2.0,1370.2,112.0,1573.94,0.22,12.3327,3.8,375.74300000000005,47.6,5.25,1521.34,18.0,25.5,3.42,226.545,465.153,179.97,205.584
140,1930.79,316.38,57.0,62.4,-4.3,1487.07,1194.32,-2.298,0.1,79.2,3.73,53.7,64.2,2.0,1283.9,233.0,1531.58,0.43,13.8973,3.9,358.927,49.4,5.25,1523.72,5.0,23.5,3.14,226.889,428.897,173.36,204.95
141,2141.81,341.73,41.4,59.3,0.2,1628.57,1265.89,-1.723,0.2,93.19,4.02,51.4,64.1,2.1,1409.19,209.0,1632.29,0.45,13.3517,3.5,375.592,51.7,5.25,1523.6,11.0,23.4,3.2,226.421,477.208,186.135,210.012
142,2137.08,330.55,48.1,61.1,-11.7,1634.52,1238.6,-1.669,0.2,100.36,3.96,51.8,64.1,2.2,1436.33,145.0,1651.3,0.37,13.6251,3.4,371.981,54.9,5.25,1526.96,-10.0,24.9,3.48,226.23,475.907,180.553,204.686
143,2158.94,342.98,45.4,61.5,-4.1,1646.63,1271.5,-1.558,0.2,98.83,3.73,53.0,64.0,2.2,1449.19,201.0,1694.74,0.04,13.9357,3.0,376.69,63.6,5.25,1537.53,32.0,26.3,3.82,225.672,473.92,187.185,210.227
144,2255.69,354.7,53.5,57.4,-2.9,1724.81,1310.1,-1.038,0.2,98.48,3.54,52.6,63.7,2.3,1486.56,348.0,1719.59,-0.01,13.0456,2.9,382.874,69.1,5.0,1544.0,36.0,27.6,4.05,226.665,502.472,192.622,215.862
145,2353.23,363.05,60.1,61.7,-0.3,1800.59,1341.22,-0.779,0.1,107.07,3.55,53.1,63.8,2.2,1527.89,233.0,1757.17,-0.1,12.8624,2.9,392.967,70.3,5.0,1545.82,22.0,30.6,3.87,227.663,524.96,196.957,218.984
146,2430.68,360.8,62.3,62.0,4.8,1850.85,1339.35,-0.652,0.2,103.02,3.4,53.5,63.8,2.3,1560.76,264.0,1802.65,0.23,12.8107,2.7,393.319,69.8,5.0,1546.95,38.0,32.6,3.73,229.392,541.0930000000002,195.695,216.881
147,2415.42,364.52,61.0,57.5,0.1,1861.04,1353.37,-0.599,0.2,104.87,3.43,53.5,63.7,2.3,1555.89,72.0,1827.3,0.5,13.0127,2.3,400.271,72.3,5.0,1557.2,18.0,31.2,3.41,230.085,539.266,197.762,219.081
148,2270.25,356.66,47.2,52.8,-1.3,1743.1,1335.7,-1.178,0.1,86.53,3.44,52.6,63.7,2.3,1487.23,117.0,1782.04,0.89,14.3755,1.7,389.851,74.3,5.0,1562.08,11.0,30.3,3.85,229.815,503.296,193.899,219.906
149,2363.79,366.09,35.7,55.1,-6.7,1798.8,1363.9,-0.6829999999999999,0.2,84.96,3.2,49.7,63.8,2.2,1520.95,68.0,1851.63,0.68,13.3608,1.7,405.072,67.8,5.0,1563.55,9.0,31.9,4.34,229.478,517.322,198.811,222.246
150,2396.62,373.82,39.4,54.8,0.2,1816.27,1389.85,-0.605,0.2,88.06,3.03,50.0,63.7,2.1,1550.25,156.0,1886.78,0.95,13.3291,1.4,421.773,65.6,5.0,1575.83,28.0,30.1,4.42,229.104,522.618,202.608,229.804
151,2450.6,377.38,54.4,54.1,-2.5,1845.71,1406.12,-0.516,0.1,96.47,3.11,50.2,63.5,1.9,1578.93,173.0,1885.8,1.21,13.191,1.7,426.497,65.1,5.0,1577.42,-4.0,26.3,4.57,230.379,535.881,204.651,229.269
152,2513.93,382.17,60.0,51.9,16.6,1883.17,1425.69,-0.159,0.2,92.19,3.08,51.8,63.6,2.0,1609.14,194.0,1914.94,0.59,12.8585,2.0,433.78,73.5,5.0,1580.94,-6.0,31.6,4.77,231.407,546.172,206.886,232.483
153,2467.51,385.64,55.5,48.1,-4.8,1842.45,1438.21,-0.18,0.2,86.24,3.06,50.7,63.8,2.0,1588.61,153.0,1896.1,0.31,13.0949,2.2,437.467,79.0,5.0,1577.78,7.0,32.6,4.6,231.317,529.683,208.829,235.222
154,2481.82,389.34,52.1,48.8,4.5,1855.72,1449.72,0.08199999999999999,0.1,88.91,2.77,48.9,63.6,1.9,1612.63,130.0,1899.79,-0.19,12.9667,1.8,443.58,77.7,5.0,1574.42,-11.0,33.5,4.18,230.221,536.933,209.963,234.96
155,2504.44,395.67,54.0,51.4,-10.4,1856.89,1472.56,-0.066,0.2,91.82,2.44,49.8,63.7,1.9,1619.16,243.0,1884.34,0.5,12.8533,1.7,446.847,63.8,5.0,1577.45,10.0,34.1,3.57,229.601,537.099,213.666,235.132
156,2634.16,399.37,56.9,53.5,-8.1,1962.07,1492.3,0.266,0.2,97.49,2.0,52.0,63.7,1.9,1714.61,207.0,1980.32,0.41,12.7087,1.6,439.387,66.6,5.0,1569.66,23.0,31.3,3.25,230.28,560.679,215.885,232.112
157,2669.92,400.99,62.2,55.9,-3.8,1991.69,1499.88,0.282,0.1,92.05,1.83,53.6,63.4,2.0,1736.99,265.0,2033.93,0.41,12.7793,2.0,437.747,70.2,5.0,1575.12,13.0,33.6,3.55,232.166,566.408,216.221,233.993
158,2770.05,405.07,53.7,55.5,-4.0,2076.56,1515.15,0.345,0.1,97.23,1.91,52.0,63.3,1.9,1794.41,156.0,2138.14,0.15,12.3312,1.5,434.251,70.8,5.0,1576.82,3.0,32.9,4.25,232.773,587.508,218.206,233.868
159,2823.42,413.26,48.5,50.1,1.8,2119.05,1542.56,0.449,0.0,93.46,2.02,49.7,63.4,1.7,1823.85,179.0,2196.62,0.42,12.134,1.1,448.427,67.8,5.0,1584.87,1.0,35.5,4.65,232.531,598.205,222.541,239.101
160,2889.46,408.89,49.9,57.2,-11.5,2160.65,1533.62,0.128,0.1,91.97,2.0,50.5,63.4,1.7,1844.11,240.0,2143.0,0.03,12.8089,1.4,430.359,75.8,5.0,1559.68,0.0,35.1,4.63,232.945,609.596,220.429,231.548
161,2850.66,397.42,50.7,53.1,-11.7,2109.58,1493.4,-0.121,0.2,96.56,2.16,51.5,63.4,1.6,1817.4,158.0,2136.02,0.43,12.9308,1.8,408.05,77.8,5.0,1545.64,4.0,36.3,4.09,233.504,597.92,214.131,223.717
162,2995.72,405.92,48.4,52.1,-3.7,2223.8,1521.71,0.361,0.2,105.03,2.22,53.5,63.3,1.7,1914.57,111.0,2213.94,0.26,12.732,2.0,412.515,76.5,5.0,1544.9,-20.0,36.5,3.47,233.596,630.188,218.653,225.904
163,2908.96,402.33,52.8,53.6,1.3,2164.91,1512.46,0.042,0.2,107.65,2.27,55.9,63.3,1.8,1848.73,260.0,2142.56,0.13,13.38,1.5,400.61,73.7,5.0,1540.08,30.0,34.2,3.46,233.877,618.086,216.664,224.817
164,3000.18,406.79,57.4,56.7,-0.4,2250.05,1527.48,0.228,0.2,102.33,2.27,54.8,63.2,1.7,1919.7,201.0,2197.56,1.02,13.0914,1.2,412.587,67.8,5.0,1562.05,18.0,35.3,3.39,234.149,646.075,219.003,226.053
165,3138.09,418.05,55.0,61.6,6.4,2345.87,1565.75,0.647,0.1,96.38,1.84,55.3,62.8,1.7,2000.38,210.0,2301.41,0.85,13.0217,1.0,424.532,62.5,4.75,1572.11,24.0,31.2,3.36,233.546,672.683,224.766,230.394
166,3233.72,419.59,51.7,62.7,-12.8,2436.79,1573.7,0.669,0.2,92.72,1.76,56.3,63.0,1.7,2048.72,221.0,2332.24,0.3,13.1093,1.2,415.965,66.8,4.5,1561.46,23.0,33.2,3.62,233.069,691.091,225.259,229.636
167,3315.58,421.75,51.7,59.8,-4.2,2493.8,1582.19,0.6579999999999999,0.2,98.42,1.94,55.9,62.9,1.7,2089.12,93.0,2361.57,0.32,13.0367,1.5,418.041,72.1,4.5,1553.5,4.0,35.7,3.97,233.049,709.461,226.333,229.481
168,3200.95,424.46,60.3,58.8,0.4,2386.8,1593.29,0.35,0.1,97.49,2.13,51.7,62.9,1.6,1983.73,174.0,2290.72,0.37,13.3573,1.6,414.48800000000006,71.2,4.5,1579.24,-1.0,34.0,4.48,233.916,689.4169999999998,227.634,234.01
169,3347.38,434.02,59.8,61.6,9.4,2502.83,1625.52,0.6509999999999999,0.1,102.59,2.32,54.6,62.9,1.6,2080.07,182.0,2390.67,0.22,13.2492,1.1,428.776,72.7,4.25,1584.62,23.0,35.7,4.23,234.781,723.472,232.277,237.053
170,3375.51,434.68,59.0,61.0,-1.2,2505.22,1629.36,0.794,0.2,101.58,2.51,55.3,63.1,1.7,2097.37,261.0,2410.52,1.16,13.058,1.5,434.321,70.0,4.0,1578.53,16.0,35.0,3.76,236.293,714.3910000000002,232.399,237.261
171,3400.47,437.15,55.9,63.5,-5.9,2521.8,1639.68,0.887,0.2,99.74,2.72,55.7,62.8,1.8,2117.63,311.0,2444.15,0.72,13.0793,2.0,440.126,74.7,4.0,1593.15,14.0,37.9,3.5,237.072,710.821,233.592,240.116
172,3480.29,441.23,58.7,65.9,-3.1,2562.68,1654.76,0.938,0.2,102.71,2.93,55.8,62.8,2.0,2151.65,252.0,2472.45,0.06,12.858,2.1,454.358,73.7,4.0,1612.21,12.0,33.3,3.51,237.9,730.553,235.754,244.046
173,3552.18,445.23,57.0,62.6,-0.2,2598.68,1668.59,0.948,0.1,105.37,2.79,54.9,62.8,1.9,2184.11,306.0,2504.9,-0.64,12.9683,2.1,455.974,73.5,4.0,1616.62,24.0,36.4,3.75,238.343,746.1310000000002,237.742,244.299
174,3503.19,437.98,60.1,51.7,-2.2,2556.08,1646.34,0.633,0.2,98.17,2.89,55.3,62.9,1.9,2112.92,196.0,2466.95,-0.5,13.2166,2.0,457.705,71.8,3.75,1607.52,19.0,36.3,4.07,238.25,731.482,233.938,243.799
175,3643.34,446.64,56.9,63.3,0.2,2681.38,1672.43,0.856,0.1,95.96,3.02,58.2,62.9,1.7,2188.92,226.0,2567.3,-0.31,13.0847,1.7,461.393,71.3,3.5,1622.0,16.0,37.7,4.15,237.852,764.2589999999999,237.609,248.556
176,3592.25,435.66,58.7,61.0,-0.2,2644.16,1637.42,0.544,0.2,91.16,2.86,55.5,62.8,1.7,2168.28,284.0,2547.76,0.26,13.4286,1.7,451.882,75.4,3.25,1619.47,18.0,34.8,4.22,238.031,750.07,232.062,244.124
177,3679.99,441.88,52.7,60.2,-2.6,2722.51,1656.88,0.634,0.2,80.54,3.29,56.8,62.9,1.8,2225.59,255.0,2657.4,-0.07,13.4813,1.7,460.394,79.6,3.0,1635.19,32.0,37.2,4.3,237.433,771.165,235.978,247.04
178,3778.96,437.63,44.4,60.9,-7.3,2765.78,1644.82,0.561,0.1,66.15,3.65,57.0,62.9,1.7,2295.94,307.0,2748.94,0.51,13.9293,1.3,460.625,79.9,3.0,1646.46,26.0,39.8,4.17,236.151,792.77,233.558,249.527
179,3769.44,430.62,37.8,57.7,-18.2,2761.51,1621.0,0.262,0.1,53.27,3.66,54.7,62.8,1.6,2300.62,251.0,2752.14,0.63,14.7515,0.8,449.80800000000005,86.4,3.0,1648.61,9.0,42.7,4.08,234.812,785.898,231.154,249.356
180,3656.28,433.5,35.1,58.9,1.3,2713.08,1631.71,-0.124,0.1,48.24,3.82,53.9,62.9,1.6,2222.56,211.0,2738.8,0.29,14.977,-0.1,454.309,91.0,3.0,1662.31,5.0,47.3,3.07,233.707,772.857,233.033,257.784
181,3866.42,445.43,35.2,48.2,0.1,2864.75,1671.04,0.4370000000000001,0.1,49.76,4.36,53.0,62.7,1.7,2347.18,267.0,2839.15,0.09,14.9499,0.0,458.341,88.0,3.0,1659.77,5.0,42.7,3.0,234.722,823.3660000000001,238.204,254.796
182,3805.27,441.79,40.1,48.8,4.6,2833.0,1661.89,0.242,0.3,47.6,4.56,51.8,62.7,1.8,2299.12,78.0,2818.58,0.74,15.2635,-0.1,459.22,85.3,3.0,1667.59,12.0,46.2,3.14,236.11900000000003,814.7689999999999,236.408,255.851
183,3841.78,447.16,41.6,53.7,-2.3,2846.99,1681.95,0.27,0.2,59.63,4.64,51.6,62.8,1.8,2287.77,282.0,2802.91,1.03,15.3505,-0.2,466.661,88.8,3.0,1669.21,5.0,44.7,3.06,236.599,816.0319999999998,238.746,252.871
184,3891.18,448.3,49.0,49.5,-7.6,2884.0,1687.05,0.273,0.1,60.3,4.41,52.9,62.9,1.7,2310.09,326.0,2832.9,0.51,15.378,0.0,464.286,84.2,3.0,1668.18,18.0,40.5,2.88,237.805,827.5989999999998,238.981,251.196
185,3815.85,440.21,49.7,47.6,-4.7,2835.35,1661.94,-0.058,0.2,59.47,4.42,52.3,62.7,1.8,2252.43,191.0,2770.01,0.47,15.7389,0.1,456.056,87.8,3.0,1654.54,4.0,44.0,2.87,238.638,813.9019999999998,234.866,246.085
186,3895.8,437.68,45.1,52.6,4.7,2904.93,1652.26,0.257,0.2,47.12,4.46,51.9,62.6,1.8,2301.07,256.0,2880.32,0.65,16.1088,0.2,457.917,84.1,3.0,1665.1,15.0,40.5,2.74,238.654,838.829,233.862,247.644
187,3660.75,429.16,38.8,53.3,11.3,2726.61,1623.48,-0.706,0.1,49.2,4.74,50.8,62.6,1.8,2165.96,164.0,2750.54,0.1,16.7503,0.2,453.281,83.4,3.0,1665.71,-9.0,41.4,2.59,238.316,785.654,229.832,245.962
188,3570.17,416.73,37.6,47.7,-6.7,2692.94,1581.23,-0.73,0.2,45.09,5.35,50.1,62.3,1.9,2126.91,88.0,2735.0,0.56,16.9177,0.0,447.028,78.2,3.0,1675.58,-1.0,43.0,2.52,237.945,762.795,222.82,248.279
189,3871.33,430.0,39.8,52.8,-0.8,2924.84,1624.7,-0.002,0.2,46.59,5.89,49.6,62.5,1.9,2269.46,351.0,2899.42,1.64,16.5021,0.2,460.3,82.1,3.25,1677.37,13.0,42.8,2.48,237.838,826.077,230.102,250.018
190,3882.84,419.68,35.7,48.4,-0.2,2937.33,1588.59,-0.044,0.2,41.65,6.39,49.1,62.5,2.0,2275.87,264.0,2892.6,1.31,16.5768,0.5,460.142,82.9,3.25,1674.64,-4.0,39.6,2.21,237.336,829.041,224.663,249.749
191,3821.6,407.98,33.9,42.5,-17.4,2888.74,1548.58,-0.463,0.1,37.04,6.77,48.4,62.7,2.1,2257.3,234.0,2907.49,0.44,17.2075,0.7,453.442,82.7,3.5,1674.34,6.0,43.6,2.13,236.525,813.697,219.519,247.518
192,3631.96,401.69,33.9,55.6,-2.6,2759.48,1523.69,-0.619,0.2,33.62,7.45,47.8,62.8,2.2,2205.3,103.0,2867.01,0.41,18.1065,1.4,453.42,82.7,3.5,1696.36,24.0,44.2,2.61,236.916,764.462,216.788,247.504
193,3627.06,404.91,38.3,49.4,-4.8,2774.68,1532.4,-0.738,0.2,33.75,7.59,49.4,62.9,2.3,2231.46,257.0,2898.23,1.23,18.136,1.0,462.285,81.9,3.5,1702.73,-17.0,43.6,2.87,237.111,762.383,218.878,250.303
194,3873.11,422.96,52.1,52.9,-1.0,2951.47,1600.51,-0.366,0.1,38.34,7.98,51.2,63.0,2.2,2370.2,235.0,3072.49,0.43,17.279,0.9,477.669,81.5,3.5,1707.24,-19.0,42.8,2.6,238.132,813.092,226.801,259.233
195,3888.13,439.43,57.9,50.8,-3.4,2941.78,1663.17,-0.243,0.2,45.92,7.93,50.8,62.8,2.1,2364.44,174.0,3058.67,0.31,17.177,1.1,486.326,77.6,3.5,1709.81,6.0,43.4,2.54,239.261,806.066,234.432,263.416
196,3957.95,441.54,61.4,50.2,-4.1,2972.06,1673.44,-0.056,0.2,49.1,8.2,50.9,62.6,2.2,2387.17,34.0,3107.88,0.59,18.4672,1.0,484.995,84.9,3.5,1712.13,-18.0,43.2,2.6,240.229,820.712,235.734,262.528
197,3968.21,444.27,59.8,54.2,-2.6,2987.63,1688.84,-0.3,0.2,48.33,8.6,52.5,62.7,2.2,2443.45,285.0,3250.17,1.12,18.2804,1.0,502.941,82.4,3.5,1725.51,21.0,43.9,2.54,241.018,816.2869999999998,237.63,269.832
198,4114.51,455.86,54.9,54.8,-3.5,3078.55,1734.5,-0.17600000000000002,0.2,41.6,8.97,52.9,62.8,2.2,2499.78,325.0,3298.21,0.55,18.7527,0.8,510.544,77.8,3.5,1728.93,14.0,43.0,2.65,240.628,855.317,243.2,273.828
199,4120.29,465.93,53.6,51.9,2.8,3073.03,1770.79,-0.189,0.2,44.7,8.1,49.9,62.8,2.3,2499.34,175.0,3233.87,0.0,18.7836,1.1,520.325,78.7,3.5,1730.86,-24.0,43.4,2.73,240.849,850.4680000000002,248.522,274.524
200,4121.06,468.33,53.1,53.7,2.9,3069.82,1782.59,-0.301,0.1,48.24,7.27,51.4,62.9,2.2,2474.71,264.0,3212.77,0.38,19.3852,1.5,522.283,82.7,3.5,1735.28,-7.0,41.6,2.97,241.428,853.41,249.718,273.467
201,4045.89,468.76,54.8,51.0,-1.2,3007.49,1789.47,-0.461,0.1,46.86,6.48,51.8,62.8,2.1,2426.86,140.0,3122.61,-0.01,18.8642,1.6,514.924,76.8,3.5,1730.68,-3.0,44.6,3.06,241.729,830.237,249.581,269.97700000000003
202,4195.73,466.82,53.5,58.7,-9.4,3096.87,1780.98,-0.103,0.2,49.44,5.96,53.4,62.7,2.1,2499.34,172.0,3142.53,-0.11,20.5743,1.7,492.828,85.2,3.5,1700.98,2.0,44.9,3.31,241.353,850.533,248.502,261.569
203,4278.66,475.91,64.2,54.1,0.1,3159.39,1813.85,-0.126,0.2,53.72,5.75,54.3,62.7,2.2,2526.5,180.0,3217.6,0.2,20.7272,2.1,499.54,89.5,3.5,1700.92,12.0,46.0,3.36,241.432,860.207,253.134,263.277
204,4359.81,481.86,67.9,51.2,-3.2,3198.08,1840.19,-0.036000000000000004,0.3,52.81,5.47,55.6,62.9,2.3,2572.96,259.0,3260.14,0.86,20.8322,2.5,507.076,90.3,3.25,1700.25,18.0,46.6,4.72,242.83900000000003,887.455,255.886,263.771
205,4532.92,488.81,66.9,57.3,5.8,3349.19,1866.97,0.198,0.2,54.01,5.18,57.6,62.9,2.2,2685.36,200.0,3408.59,0.1,20.109,2.7,517.548,86.5,3.25,1708.72,21.0,49.8,4.86,243.603,921.629,259.719,267.35200000000003
206,4538.21,487.53,68.8,57.1,-1.6,3348.34,1862.81,0.295,-0.1,50.6,4.69,56.6,63.0,2.0,2682.72,73.0,3412.64,0.25,18.7249,2.4,519.354,86.5,3.0,1708.26,10.0,49.7,5.35,243.801,931.156,259.016,266.583
207,4584.82,492.99,68.3,58.7,-0.1,3367.44,1884.32,0.483,0.1,49.33,4.66,55.3,62.9,1.9,2729.23,175.0,3462.06,-0.74,18.8206,2.2,527.82,87.0,2.75,1719.69,10.0,50.9,5.82,244.524,951.416,261.579,269.73400000000004
208,4649.34,497.56,59.5,59.3,-3.4,3420.62,1900.7,0.746,0.1,48.32,4.37,55.5,62.7,1.7,2773.2,155.0,3533.99,-0.89,18.6199,1.9,532.4169999999998,87.7,2.5,1730.91,4.0,51.2,6.16,244.733,971.982,264.10900000000004,273.643
209,4678.36,498.28,53.0,63.6,1.4,3440.97,1903.27,0.745,0.1,46.04,3.99,56.7,62.8,1.7,2779.23,239.0,3520.06,-0.51,18.1203,1.6,531.1469999999998,83.9,2.5,1724.05,14.0,48.6,6.31,244.955,970.94,264.386,274.692
210,4774.56,503.96,61.7,59.5,-2.8,3473.46,1924.35,0.8740000000000001,0.1,50.17,3.4,56.5,62.9,1.7,2801.09,190.0,3590.99,-0.95,17.8005,1.7,535.8480000000002,80.5,2.5,1732.52,-4.0,49.6,6.44,244.786,994.727,267.22900000000004,276.809
211,4789.18,503.52,61.7,59.5,-2.3,3492.79,1923.6,0.629,0.2,47.23,3.87,59.3,62.9,1.7,2792.33,221.0,3620.73,-0.03,17.8863,1.9,545.766,87.7,2.5,1744.87,39.0,53.3,6.66,245.519,1009.69,266.788,278.913
212,4887.97,507.38,71.5,64.3,-0.4,3585.79,1940.87,0.875,0.1,51.67,3.97,60.2,63.0,1.7,2857.78,14.0,3640.14,0.34,18.2545,2.2,545.38,84.4,2.5,1741.11,6.0,51.6,6.35,246.819,1025.12,268.882,278.676
213,5002.03,508.93,68.1,65.4,-2.6,3689.23,1949.07,1.004,0.2,54.38,4.05,58.5,62.7,1.8,2916.97,271.0,3710.54,0.32,19.1466,2.0,547.182,90.5,2.5,1739.96,20.0,51.7,6.37,246.663,1062.29,269.691,279.762
214,5155.44,507.23,64.8,65.6,-3.1,3826.82,1944.09,0.998,0.1,57.4,4.12,58.2,62.7,1.7,3048.09,216.0,3826.76,-0.02,18.6284,2.2,547.51,88.9,2.5,1738.06,30.0,51.6,6.63,246.669,1092.38,268.619,279.148
215,5212.76,508.32,68.3,67.8,-1.6,3870.05,1949.97,0.8109999999999999,0.2,60.42,4.09,59.3,62.7,1.8,3089.71,175.0,3834.66,0.73,19.659,2.1,551.774,84.3,2.5,1742.91,39.0,51.8,6.77,246.524,1099.45,269.133,282.464
216,5511.21,509.99,72.7,65.7,-2.6,4047.38,1961.66,0.7859999999999999,0.3,64.73,3.68,59.1,62.7,1.8,3246.75,176.0,3969.33,0.75,18.5999,2.1,551.188,86.3,2.5,1722.55,20.0,54.6,5.55,247.867,1173.95,270.348,279.071
217,5308.09,505.42,74.2,61.9,2.7,3933.55,1944.99,0.35600000000000004,0.2,61.64,3.37,60.8,63.0,1.8,3117.89,324.0,3802.31,0.16,18.8381,2.2,538.995,90.0,2.5,1710.64,31.0,56.2,5.34,248.991,1141.24,267.839,273.295
218,5173.19,502.12,78.1,57.4,-3.3,3882.11,1933.24,-0.242,0.2,64.94,3.14,59.3,62.9,2.1,3075.28,155.0,3793.55,0.6,18.1812,2.4,540.673,88.8,2.5,1721.42,21.0,56.8,5.04,249.554,1112.25,266.346,274.21
219,5193.04,505.27,79.3,57.6,-2.5,3830.54,1945.82,0.087,0.1,68.57,3.13,57.3,62.8,2.1,3046.76,175.0,3796.35,0.18,18.7141,2.5,531.573,88.4,2.5,1714.0,28.0,56.5,4.55,250.546,1115.2,268.403,270.878
220,5318.1,504.69,79.5,62.7,-2.9,3936.07,1945.28,0.339,0.2,67.04,3.16,58.7,62.7,2.2,3100.48,268.0,3838.07,1.12,19.9117,2.8,526.135,89.1,2.5,1725.71,23.0,55.2,4.51,251.588,1163.8,268.892,272.445
221,5350.83,506.79,76.8,64.1,-0.5,3934.25,1953.09,0.326,0.2,74.15,3.2,60.2,62.9,2.3,3109.04,208.0,3902.56,1.5,19.9078,2.9,518.836,86.3,2.5,1725.95,21.0,57.3,4.65,251.989,1173.75,270.034,270.432
222,5549.96,513.19,73.2,65.5,-2.6,4082.5,1974.4,0.7390000000000001,0.2,68.76,3.12,58.1,62.9,2.4,3256.14,165.0,4033.8,0.41,18.6469,2.9,533.232,87.3,2.5,1724.56,22.0,58.6,4.81,252.006,1206.48,273.275,273.582
223,5730.8,517.09,72.1,63.6,-0.1,4233.57,1988.96,0.8490000000000001,0.1,69.8,3.1,61.3,62.7,2.2,3348.62,286.0,4158.06,0.7,19.085,2.7,522.427,87.1,2.5,1735.01,11.0,58.3,4.9,252.146,1271.19,275.30400000000003,274.434
224,5763.42,519.82,66.9,60.4,0.0,4280.39,2000.04,0.973,0.1,73.25,3.23,59.8,62.7,2.2,3404.04,118.0,4210.16,0.79,18.7183,2.3,531.809,90.5,2.5,1724.47,18.0,61.6,5.02,252.439,1274.38,276.784,273.515
225,5369.49,510.61,71.6,58.4,-2.5,3960.02,1968.07,0.303,0.2,65.31,3.33,57.7,62.9,2.1,3187.59,250.0,4040.83,1.06,20.3389,2.5,518.867,89.3,2.75,1712.69,32.0,60.3,4.9,252.885,1156.14,272.317,268.415
