,SPTR_Index#@#PX_LAST,GT5_GOVT#@#PX_LAST,TPX_Index#@#PX_LAST,MXCPYOY_Index#@#PX_LAST,MXAP_Index#@#PX_LAST,FDTRFTRL_Index#@#PX_LAST,BCOMTR_Index#@#PX_LAST,CPUPAXFE_Index#@#PX_LAST,W_1_Comdty#@#PX_LAST,NDUEACWF_Index#@#PX_LAST,BIGPIGP1_Index#@#PX_LAST,NAPMPRIC_Index#@#PX_LAST,NDUEEGF_Index#@#PX_LAST,SAARTOTL_Index#@#PX_LAST,nwhlnyhi_index#@#PX_LAST,INJCSP_Index#@#PX_LAST,MN40MUE_Index#@#PX_LAST,GJGB10_Index#@#PX_LAST,CPI_XYOY_Index#@#PX_LAST,DXY_CURNCY#@#PX_LAST,CPI_YOY_Index#@#PX_LAST,CONSPXMD_Index#@#PX_LAST,NAPMEMPL_Index#@#PX_LAST,MXEU_Index#@#PX_LAST,MXN_Curncy#@#PX_LAST,CORRRMIN_Index#@#PX_LAST,DJUSRET_Index#@#PX_LAST,FDTR_Index#@#PX_LAST,LD01TRUU_Index#@#PX_LAST,VIX_INDEX#@#PX_LAST,CNPINSYO_Index#@#PX_LAST,M2US000$_Index#@#PX_LAST,CPUPXCHG_Index#@#PX_LAST,MXCCCHNG_Index#@#PX_LAST
0,-0.01892866072172672,6.595,1718.94,10.52,118.86,5.75,150.446,179.4,247.0,110.535,0.21,71.6,147.342,18.99,82.0,2157.0,227.47,1.8519999999999999,2.2,105.92,3.2,2.9,53.6,135.71,9.369,12.0,187.14,5.75,785.42,23.37,3.3,629.17,0.1,1.1
1,0.09782851075126107,6.314,1705.94,10.11,126.35,6.0,151.904,180.0,262.25,117.837,0.0,78.7,148.139,17.98,84.0,2026.0,231.51,1.781,2.4,105.44,3.8,3.2,51.2,139.68,9.253,12.0,196.75,6.0,788.8,24.11,3.4,687.68,0.3,0.65
2,-0.030085696599218562,6.537999999999999,1648.87,9.73,116.72,6.0,150.039,180.3,242.25,112.537,0.19,71.2,134.11,17.61,58.0,2027.0,234.66,1.764,2.3,110.14,3.1,3.2,53.2,140.05,9.3925,12.0,204.17,6.0,788.75,26.2,3.5,651.65,0.2,0.53
3,-0.020518062376904008,6.519,1522.84,9.48,109.95,6.5,160.137,180.7,274.75,109.654,-0.06,65.7,128.47899999999998,17.47,80.0,1987.0,221.76,1.665,2.4,108.74,3.2,3.0,53.0,136.33,9.507,12.0,206.91,6.5,791.48,23.65,3.6,611.52,0.2,0.44
4,0.02465383832213397,6.185,1591.6,9.41,117.49,6.5,163.916,181.1,259.5,113.335,0.29,62.9,132.791,17.18,101.0,2052.0,198.15,1.761,2.5,106.84,3.7,2.9,50.7,134.57,9.83,12.0,211.07,6.5,800.64,19.54,3.7,648.29,0.2,0.34
5,-0.015634703377831242,6.146,1453.15,9.12,106.42,6.5,155.704,181.5,246.25,109.95,0.52,63.4,125.92,16.86,81.0,2085.0,201.64,1.683,2.5,109.61,3.7,3.0,52.5,136.83,9.352,12.0,231.83,6.5,807.16,20.74,3.8,637.03,0.2,0.33
6,0.062113901562563134,5.973,1511.44,9.1,110.8,6.5,171.018,181.9,250.75,113.367,1.58,58.1,126.454,16.92,142.0,2119.0,198.59,1.8869999999999998,2.6,112.6,3.4,2.7,48.8,140.77,9.202,12.0,226.17,6.5,814.31,16.84,3.9,688.78,0.2,0.42
7,-0.052793392985273864,5.851,1470.78,8.85,103.5,6.5,169.956,182.3,265.0,107.103,0.57,58.4,115.398,18.24,139.0,2077.0,189.99,1.847,2.6,113.25,3.5,2.9,50.6,135.02,9.437000000000001,12.0,234.28,6.5,822.03,20.57,4.2,624.92,0.2,0.77
8,-0.004224087331249682,5.807,1379.96,8.91,96.89,6.5,165.847,182.6,254.75,104.946,0.16,57.7,107.022,17.28,102.0,2126.0,190.85,1.8130000000000002,2.5,116.65,3.4,3.2,48.2,139.34,9.5665,12.0,222.5,6.5,823.46,23.63,4.5,596.75,0.2,0.52
9,-0.07883984664292087,5.4270000000000005,1362.66,8.87,93.31,6.5,179.18400000000003,183.1,256.0,98.40899999999999,0.15,58.1,97.652,16.33,125.0,2295.0,147.79,1.6219999999999999,2.6,115.24,3.4,2.9,47.1,130.26,9.416,12.0,225.29,6.5,830.19,29.65,4.7,572.17,0.3,0.64
10,0.004889467409019632,4.976,1283.67,8.96,89.55,6.5,184.917,183.3,279.5,100.0,0.21,59.8,100.0,15.73,321.0,2378.0,153.98,1.646,2.6,109.56,3.4,2.8,42.7,128.95,9.6225,12.0,241.35,6.5,839.77,26.85,4.5,590.75,0.1,0.56
11,0.03548025427787693,4.768,1300.23,8.11,91.94,5.5,180.57299999999998,183.9,273.0,102.514,0.34,64.6,113.758,17.32,249.0,2440.0,163.2,1.4980000000000002,2.6,110.52,3.7,3.0,42.3,130.21,9.6775,12.0,243.46,5.5,853.7,22.02,4.7,567.18,0.3,0.74
12,-0.09118288612651436,4.6560000000000015,1241.48,7.09,87.7,5.5,179.812,184.4,265.0,93.8689,-0.05,55.6,104.84200000000001,17.49,94.0,2506.0,138.82,1.35,2.7,112.01,3.5,2.8,37.8,119.97,9.6881,12.0,239.3,5.5,861.22,28.35,3.8,521.22,0.3,0.75
13,-0.0633461918834981,4.5569999999999995,1277.27,7.17,82.34,5.0,172.15099999999995,184.7,255.0,87.5162,0.27,49.9,94.49700000000001,16.92,100.0,2620.0,133.73,1.278,2.7,117.37,2.9,2.8,39.9,115.23,9.4615,11.5,240.71,5.0,868.29,28.64,3.5,481.08,0.2,0.6
14,0.07770725020684899,4.886,1366.46,7.11,86.82,4.5,178.208,185.1,272.75,93.8525,0.48,48.0,99.155,16.59,156.0,2728.0,150.61,1.339,2.6,115.76,3.3,3.1,38.2,122.75,9.238999999999999,11.5,247.29,4.5,871.62,25.48,3.5,516.06,0.2,0.48
15,0.006703372885143111,4.914,1310.81,6.95,86.57,4.0,174.47099999999998,185.3,267.0,92.7504,0.51,45.1,100.303,16.56,113.0,2926.0,152.93,1.245,2.5,119.07,3.6,3.2,35.1,121.65,9.1735,11.5,253.29,4.0,878.35,22.64,3.7,516.65,0.1,0.36
16,-0.02434138262695706,4.95,1300.98,6.57,82.74,3.75,167.513,186.0,246.75,89.8821,0.09,42.8,98.209,17.15,226.0,2959.0,146.2,1.194,2.7,119.47,3.2,3.0,35.7,116.98,9.041,11.5,268.21,3.75,882.16,19.06,3.6,499.15,0.4,0.32
17,-0.009846469737271879,4.526,1190.31,5.88,77.47,3.75,169.69400000000005,186.4,278.5,88.4466,0.71,39.9,91.959,16.17,154.0,3056.0,127.08,1.339,2.7,117.18,2.7,2.6,37.2,113.4,9.1415,11.0,262.08,3.75,894.93,21.62,3.2,498.12,0.2,0.15
18,-0.06260015081534542,4.38,1103.67,5.93,75.87,3.5,169.62,186.7,278.0,84.3524,0.86,35.0,91.037,16.05,107.0,3213.0,121.66,1.379,2.7,113.42,2.7,2.7,41.3,106.15,9.204,10.0,270.25,3.5,901.92,24.92,3.8,485.07,0.2,0.33
19,-0.08075139204866832,3.804,1023.42,6.14,67.14,3.0,158.178,187.1,270.75,76.6253,0.11,36.6,76.934,16.09,60.0,3385.0,101.29,1.415,2.6,113.41,2.6,2.8,41.5,95.24,9.514,9.5,257.32,3.0,911.59,31.93,3.9,453.77,0.2,0.76
20,0.019067608310715082,3.475,1059.37,5.89,68.43,2.5,150.67,187.4,293.25,78.2419,0.3,33.3,81.705,21.76,39.0,3600.0,119.57,1.315,2.6,114.86,2.1,1.0,35.6,99.34,9.259,9.25,248.81,2.5,920.69,33.56,3.4,451.07,0.2,0.25
21,0.07670839538971408,4.064,1050.22,5.39,71.63,2.0,151.834,188.1,281.5,83.0309,0.78,32.0,90.229,17.78,78.0,3619.0,135.67,1.364,2.8,116.13,1.9,0.4,36.4,103.87,9.224,8.75,263.47,2.0,918.32,23.84,3.1,480.73,0.4,0.24
22,0.008760561274082201,4.302,1032.14,4.4,69.99,1.75,148.843,188.4,289.0,83.791,0.16,33.2,97.385,16.2,129.0,3474.0,149.25,1.368,2.7,116.75,1.6,1.8,39.1,107.1,9.1575,8.5,269.57,1.75,918.62,23.8,2.6,489.09,0.2,0.24
23,-0.014595609581341429,4.371,971.77,4.79,67.37,1.75,147.842,188.7,286.0,81.4777,0.47,43.9,100.671,16.26,152.0,3558.0,167.71,1.485,2.6,120.21,1.1,1.9,41.0,104.92,9.1475,8.0,269.82,1.75,922.24,21.09,2.2,495.34,0.2,0.5
24,-0.019281035509449373,4.191,1013.8,4.79,69.15,1.75,151.673,189.1,267.25,80.8553,-0.16,41.5,102.303,17.04,171.0,3538.0,151.4,1.53,2.6,119.16,1.1,2.1,43.8,104.25,9.119,8.0,275.01,1.75,924.66,21.59,2.5,500.44,0.2,0.71
25,0.037607296480228085,4.805,1060.19,4.66,72.87,1.75,167.18200000000004,189.2,285.0,84.4773,0.17,51.9,108.425,16.81,191.0,3723.0,164.23,1.395,2.4,118.62,1.5,2.7,46.6,108.69,9.035,7.25,291.65,1.75,920.18,17.4,2.6,518.0,0.1,0.41
26,-0.06063088645645333,4.407,1082.06,4.7,75.48,1.75,167.183,189.7,261.75,81.7697,0.06,60.3,109.12,17.39,165.0,3700.0,167.43,1.38,2.5,115.19,1.6,2.8,46.6,104.13,9.395,6.25,293.59,1.75,928.33,21.91,2.5,518.52,0.3,0.36
27,-0.0073639344262295126,4.355,1120.08,4.68,78.34,1.75,164.612,190.0,282.25,81.8335,0.17,63.0,107.355,15.87,118.0,3664.0,156.8,1.3940000000000001,2.5,111.81,1.2,2.7,47.3,99.7,9.645,5.75,298.63,1.75,936.35,19.98,2.2,519.4,0.2,0.18
28,-0.07123275002146956,4.034,1024.89,4.94,74.27,1.75,167.805,190.2,307.0,76.8091,0.68,65.5,99.272,16.64,164.0,3588.0,130.03,1.32,2.3,106.11,1.1,2.7,48.3,90.85,9.9465,5.25,304.95,1.75,941.53,25.4,2.0,492.89,0.1,0.13
29,-0.07795496251618139,3.448,965.0,5.51,69.54,1.75,166.896,190.5,334.0,70.3508,0.82,68.3,91.68299999999999,17.81,23.0,3495.0,123.43,1.318,2.2,107.41,1.5,2.6,45.0,81.25,9.8695,5.25,289.52,1.75,945.92,32.03,2.6,462.9,0.2,0.13
30,0.0065646358208495395,3.22,941.64,5.29,68.94,1.75,173.472,191.1,362.25,70.5072,1.01,61.5,93.084,18.1,51.0,3549.0,126.38,1.185,2.4,106.98,1.8,2.6,46.8,80.95,9.935,5.25,290.7,1.75,954.28,32.64,2.2,468.91,0.3,0.34
31,-0.10867915852396826,2.562,921.05,4.95,64.54,1.75,180.005,191.3,396.5,62.7502,1.13,62.5,83.038,16.32,71.0,3555.0,120.47,1.186,2.2,106.87,1.5,2.5,45.8,69.71,10.2065,5.25,277.6,1.75,963.87,39.69,2.3,438.52,0.1,0.66
32,0.08801932865593631,2.7289999999999996,862.24,4.94,62.79,1.75,178.148,191.5,402.25,67.35300000000001,1.57,58.3,88.43299999999998,15.94,32.0,3557.0,132.99,0.9940000000000001,2.2,106.64,2.0,2.5,46.4,76.23,10.2025,5.25,264.82,1.75,962.23,31.14,3.0,443.34,0.1,0.23
33,0.058858393722192925,3.27,892.71,5.39,65.3,1.25,178.653,191.9,373.0,71.0129,2.31,55.7,94.51899999999999,16.22,26.0,3404.0,146.63,1.002,2.0,106.38,2.2,2.4,44.8,79.53,10.1465,5.25,277.73,1.25,968.99,27.5,3.0,438.46,0.2,0.19
34,-0.05874362820828584,2.736,843.29,5.7,63.14,1.25,187.40099999999998,192.1,325.0,67.6052,2.61,56.9,91.375,17.62,48.0,3462.0,130.8,0.909,1.9,101.85,2.4,2.5,47.5,72.6,10.37,5.25,279.36,1.25,982.42,28.62,2.8,429.68,0.1,0.21
35,-0.026197687879604747,2.9339999999999997,821.18,5.16,61.84,1.25,201.826,192.4,320.5,65.615,1.34,57.5,90.97200000000001,16.45,56.0,3368.0,125.62,0.812,1.9,99.91,2.6,2.5,47.4,67.56,10.9063,6.25,270.8,1.25,986.32,31.17,3.0,421.99,0.2,0.44
36,-0.015006432491409871,2.6630000000000003,818.73,5.52,61.22,1.25,208.61700000000002,192.5,312.5,64.4383,0.89,65.5,88.416,15.87,72.0,3496.0,131.49,0.79,1.7,99.71,3.0,2.7,42.6,64.95,11.015999999999998,6.25,274.65,1.25,994.16,29.63,3.8,418.49,0.1,0.5
37,0.009713071727934786,2.7119999999999997,788.0,5.64,58.9,1.25,192.877,192.5,286.75,64.1601,0.63,70.0,85.891,16.28,35.0,3536.0,120.66,0.7090000000000001,1.7,98.88,3.0,3.1,42.2,62.93,10.77,6.25,280.14,1.25,996.54,29.15,4.5,422.99,0.0,0.41
38,0.08236864080690309,2.7489999999999997,796.56,5.25,59.71,1.25,191.676,192.5,279.5,69.8466,0.69,63.5,93.529,16.47,121.0,3676.0,140.53,0.615,1.5,97.19,2.2,2.4,41.8,69.48,10.29,7.25,292.33,1.25,1004.63,21.21,4.0,448.69,0.0,0.34
39,0.05268253572049897,2.291,837.7,4.7,62.89,1.25,202.88099999999997,192.9,324.25,73.8632,0.01,51.5,100.21600000000001,16.18,325.0,3774.0,148.73,0.54,1.6,93.29,2.1,2.0,42.4,69.88,10.3145,7.25,309.97,1.25,1013.9,19.47,3.5,469.99,0.2,0.27
40,0.012761187595205836,2.411,903.44,4.27,66.93,1.0,197.865,193.0,301.75,75.2455,-0.47,56.5,105.897,16.71,113.0,3737.0,153.77,0.846,1.5,94.73,2.1,2.1,45.6,72.07,10.457,7.25,316.66,1.0,1017.5,19.52,3.6,477.71,0.1,0.11
41,0.017630615546158742,3.222,939.4,4.13,69.81,1.0,199.055,193.4,348.5,76.892,-0.17,53.0,112.48200000000001,16.81,191.0,3647.0,156.06,0.945,1.5,96.89,2.1,1.7,46.3,74.91,10.6028,7.25,333.85,1.0,1010.78,19.49,3.1,490.79,0.2,0.14
42,0.01950039391214009,3.466,1002.01,4.04,75.72,1.0,206.916,193.6,367.5,78.6899,0.0,53.0,120.009,17.95,251.0,3608.0,180.07,1.464,1.3,98.1,2.2,2.5,47.1,76.41,11.0471,7.25,335.74,1.0,1011.11,18.63,2.9,497.71,0.1,0.36
43,-0.010620255761471629,2.827,1018.8,4.04,78.8,1.0,207.08900000000003,193.7,360.25,79.1678,0.69,56.0,120.883,16.97,88.0,3558.0,178.41,1.3940000000000001,1.2,92.85,2.3,2.8,46.5,73.45,10.985999999999999,7.25,346.46,1.0,1024.18,22.72,2.2,494.12,0.1,0.48
44,0.056574299992396826,3.2439999999999998,1043.36,3.96,83.52,1.0,216.979,194.0,369.5,83.9476,0.37,58.5,131.167,16.18,280.0,3427.0,181.37,1.469,1.3,92.73,2.0,2.6,48.6,78.44,11.0175,7.25,353.53,1.0,1020.12,16.1,1.2,525.24,0.2,0.21
45,0.008798785832973666,3.3560000000000003,999.75,3.98,81.59,1.0,216.296,194.0,394.25,85.2053,0.23,64.0,132.764,17.23,294.0,3331.0,175.15,1.304,1.1,90.23,1.8,2.7,50.4,79.19,11.3785,7.25,368.94,1.0,1020.84,16.32,1.0,530.51,0.0,0.26
46,0.052442496125338016,3.2489999999999997,1043.69,3.98,87.18,1.0,232.24900000000002,194.2,377.0,90.5816,0.27,66.0,142.377,17.03,412.0,3258.0,187.58,1.37,1.1,86.92,1.9,2.6,54.1,81.42,11.2285,7.25,382.43,1.0,1028.29,18.31,1.1,542.13,0.1,0.29
47,0.018355576915967342,3.145,1047.51,4.2,89.36,1.0,236.46,194.6,389.0,92.1121,0.33,75.5,147.349,16.35,129.0,3118.0,195.99,1.3219999999999998,1.1,87.2,1.9,2.7,54.7,83.58,11.0614,7.25,398.64,1.0,1031.77,16.63,0.8,555.75,0.2,0.38
48,0.01389821688963111,2.94,1082.47,4.53,90.46,1.0,251.80200000000002,194.9,380.75,93.7793,0.08,81.5,154.106,16.67,259.0,3057.0,211.66,1.235,1.2,87.31,1.7,2.6,55.7,85.89,11.065,7.0,407.04,1.0,1038.33,14.55,0.0,563.41,0.2,0.45
49,-0.015086232619203943,2.779,1179.23,4.23,97.09,1.0,259.577,195.5,408.0,93.2434,0.66,86.0,156.032,16.89,242.0,3007.0,232.9,1.45,1.6,87.61,1.7,2.9,57.0,83.81,11.1251,6.75,429.0,1.0,1042.63,16.74,-0.8,560.73,0.3,0.37
50,-0.01569903418523777,3.6239999999999997,1186.31,4.21,91.67,1.0,254.97299999999998,195.9,381.5,91.0534,0.52,88.0,143.256,16.53,28.0,2998.0,210.03,1.54,1.8,90.48,2.3,3.2,57.2,84.86,11.4198,6.75,364.14,1.0,1031.71,17.19,-0.3,535.91,0.2,0.33
51,0.01372106050439825,3.793,1139.94,4.29,88.86,1.0,259.296,196.2,362.0,91.7604,0.42,86.0,140.398,17.81,61.0,2916.0,197.63,1.5290000000000001,1.7,88.9,3.1,3.3,60.1,84.22,11.452,6.75,390.19,1.0,1029.82,15.5,0.6,549.22,0.2,0.23
52,0.019449842118047126,3.7680000000000002,1189.6,4.37,91.6,1.25,248.545,196.6,338.0,93.5758,0.66,81.0,140.996,15.79,173.0,2917.0,203.81,1.786,1.9,88.8,3.3,3.3,59.4,85.46,11.4865,6.75,401.52,1.25,1030.63,14.34,1.1,566.31,0.2,0.27
53,-0.033100433039676365,3.696,1139.3,4.49,87.66,1.25,252.93599999999998,196.8,312.25,90.5811,0.56,77.0,138.415,16.9,64.0,2894.0,200.55,1.859,1.8,89.96,3.0,3.0,57.4,83.9,11.4152,6.75,402.36,1.25,1035.56,15.32,1.4,538.21,0.1,0.17
54,0.004047410765989357,3.3089999999999997,1129.55,4.82,89.11,1.5,248.326,196.9,309.75,91.1331,0.19,81.5,144.155,16.75,98.0,2880.0,209.88,1.544,1.7,88.94,2.7,2.8,56.4,82.91,11.389000000000001,6.75,435.65,1.5,1044.76,15.29,1.6,542.4,0.1,0.28
55,0.010829350300338048,3.373,1102.11,5.06,89.17,1.75,265.328,197.5,306.75,93.0252,0.35,76.0,152.472,17.47,197.0,2839.0,222.31,1.449,2.0,87.37,2.5,2.8,58.0,84.32,11.382,6.75,435.45,1.75,1044.75,13.34,1.4,571.98,0.3,0.57
56,0.01527787894238486,3.283,1085.43,5.4,91.42,1.75,269.818,197.9,316.5,95.29899999999999,0.05,78.5,156.115,17.09,156.0,2763.0,230.96,1.499,2.0,84.91,3.2,3.1,55.5,85.26,11.5363,6.75,456.58,1.75,1048.61,16.27,1.9,576.44,0.2,0.29
57,0.040462738767823365,3.693,1098.79,5.43,97.12,2.0,266.586,198.3,289.75,100.493,0.33,74.0,170.567,16.95,271.0,2761.0,226.32,1.454,2.2,81.82,3.5,2.8,56.9,87.41,11.224,6.75,477.05,2.0,1043.61,13.24,2.5,621.13,0.2,0.24
58,0.03402802916688219,3.609,1149.63,5.19,101.39,2.25,253.495,198.6,307.5,104.381,0.62,72.0,178.75900000000001,17.67,265.0,2672.0,235.92,1.4409999999999998,2.2,80.85,3.3,3.0,53.8,89.04,11.147,6.5,501.81,2.25,1046.9,13.29,2.4,633.52,0.2,0.28
59,-0.02437831680142255,3.696,1146.14,4.54,100.18,2.25,256.14,199.0,291.0,102.167,0.2,69.0,179.213,16.4,200.0,2731.0,251.03,1.33,2.3,83.57,3.0,2.9,58.6,91.06,11.187000000000001,6.5,461.4,2.25,1046.69,12.82,2.3,620.41,0.2,0.37
60,0.021045976487742646,4.013,1177.41,4.27,103.52,2.5,274.235,199.4,337.25,105.70700000000001,0.18,65.5,194.84900000000002,16.44,307.0,2703.0,282.24,1.475,2.4,82.51,3.0,2.9,56.0,93.72,11.0914,6.5,473.51,2.5,1045.27,12.08,2.2,657.69,0.2,0.39
61,-0.017705828865967832,4.167,1182.18,4.39,99.92,2.75,284.012,200.1,331.0,103.37799999999999,0.4,73.0,181.972,16.97,47.0,2683.0,258.24,1.33,2.3,84.06,3.1,3.2,52.5,92.99,11.1703,6.5,463.99,2.75,1043.2,14.02,2.4,651.29,0.4,0.29
62,-0.01896768111579949,3.8960000000000004,1129.93,4.6,97.76,2.75,267.441,200.2,318.0,101.09700000000001,0.67,71.0,177.08700000000005,17.32,38.0,2596.0,245.59,1.245,2.2,84.43,3.5,3.3,53.0,90.77,11.0477,6.5,488.59,2.75,1049.13,15.31,2.9,625.91,0.0,0.19
63,0.031820734128706896,3.737,1144.33,4.6,97.76,3.0,265.365,200.5,331.75,102.985,-0.03,58.0,183.25099999999998,16.97,132.0,2577.0,262.65,1.249,2.2,87.76,2.8,3.2,49.3,94.72,10.879000000000001,6.5,506.51,3.0,1054.2,13.29,2.7,650.03,0.1,0.19
64,0.0014193866903045027,3.7,1177.2,4.33,99.1,3.25,269.832,200.6,321.5,104.02600000000001,-0.3,50.5,189.477,18.0,171.0,2569.0,284.48,1.1740000000000002,2.0,89.09,2.5,3.2,51.1,97.7,10.749,6.5,529.91,3.25,1057.44,12.04,2.7,674.03,0.0,0.24
65,0.03718788340550927,4.123,1204.98,4.47,101.69,3.25,281.9290000000001,200.9,327.75,107.87299999999999,-0.09,48.5,202.72099999999998,20.65,329.0,2570.0,312.1,1.3130000000000002,2.1,89.35,3.2,3.0,53.2,100.86,10.5949,6.5,565.56,3.25,1055.07,11.57,3.0,702.0,0.1,0.21
66,-0.009122973797782152,3.861,1271.29,3.95,104.7,3.5,303.209,201.1,301.5,108.69200000000001,-0.36,62.5,204.457,16.95,184.0,2568.0,336.1,1.349,2.1,87.58,3.6,3.1,51.8,100.79,10.7512,6.5,541.64,3.5,1062.28,12.6,3.0,714.03,0.1,0.14
67,0.008094936984867518,4.19,1412.28,3.51,113.19,3.75,317.316,201.3,346.25,111.963,-0.56,78.0,223.495,16.47,200.0,2841.0,381.85,1.484,2.0,89.52,4.7,4.3,53.4,105.25,10.759,6.0,540.85,3.75,1059.8,11.92,3.9,742.94,0.1,0.48
68,-0.016670902434935853,4.4430000000000005,1444.73,3.05,109.38,3.75,297.376,202.0,317.0,108.947,0.25,84.0,208.887,14.89,92.0,2752.0,351.38,1.554,2.1,90.07,4.3,4.6,54.3,102.55,10.787,6.0,527.37,3.75,1059.04,15.32,4.1,720.21,0.3,0.24
69,0.037822381083310486,4.413,1536.21,2.91,114.7,4.0,298.144,202.5,304.0,112.914,0.16,74.0,226.167,16.07,90.0,2587.0,388.07,1.44,2.1,91.57,3.5,3.3,56.0,105.69,10.558,6.0,551.68,4.0,1062.61,12.06,3.6,742.87,0.2,0.21
70,0.0003497096350304485,4.351,1649.76,3.33,122.72,4.25,307.65,202.8,339.25,115.691,0.06,63.0,239.535,16.73,40.0,2660.0,402.45,1.48,2.2,91.17,3.4,3.1,53.7,109.31,10.635,6.0,550.16,4.25,1066.69,12.07,3.7,755.86,0.1,0.28
71,0.0264785957180842,4.454,1710.77,3.94,129.83,4.5,313.34,203.2,343.25,121.38600000000001,0.4,65.0,266.29,17.63,289.0,2565.0,444.24,1.57,2.1,88.96,4.0,3.0,53.1,113.06,10.4498,6.0,589.04,4.5,1068.82,12.95,4.1,805.47,0.2,0.22
72,0.002714236324325325,4.601,1660.42,3.75,128.77,4.5,293.724,203.6,370.25,121.20700000000001,0.03,62.5,265.974,16.57,97.0,2504.0,474.78,1.595,2.1,90.11,3.6,3.0,53.5,115.09,10.4883,6.0,600.43,4.5,1070.54,12.34,4.1,775.16,0.2,0.33
73,0.012448602555591659,4.812,1728.16,3.41,130.95,4.75,300.257,204.3,347.75,123.757,-0.09,66.5,268.317,16.46,158.0,2405.0,453.48,1.78,2.1,89.73,3.4,3.0,53.8,117.35,10.874,6.0,633.82,4.75,1071.83,11.39,4.0,789.2,0.3,0.4
74,0.013423944535371879,4.912,1716.43,3.2,137.03,4.75,320.6140000000001,204.8,346.25,127.876,-0.43,71.5,287.425,16.62,178.0,2357.0,482.05,1.93,2.3,86.11,3.5,3.3,54.2,118.09,11.0613,6.25,615.31,4.75,1075.76,11.59,3.8,798.52,0.2,0.34
75,-0.02877935991252833,5.034,1579.94,3.0,127.96,5.0,323.681,205.4,393.5,122.835,0.21,77.0,257.306,16.22,32.0,2381.0,409.64,1.84,2.4,84.72,4.2,4.0,53.2,111.82,11.3373,6.25,596.34,5.0,1077.29,16.44,3.7,765.39,0.3,0.14
76,0.0013530192469568547,5.093999999999999,1586.96,3.18,126.87,5.25,318.652,205.9,371.5,122.78200000000001,0.27,76.5,256.677,16.4,91.0,2399.0,412.0,1.93,2.6,85.16,4.3,3.3,49.9,112.41,11.3463,6.5,625.83,5.25,1079.54,13.08,3.9,772.44,0.2,0.3
77,0.00616803246984321,4.898,1572.01,3.06,126.58,5.25,328.881,206.3,397.5,123.62,0.17,78.5,260.3,17.17,70.0,2460.0,441.53,1.929,2.7,85.3,4.1,3.2,50.7,114.24,10.9656,6.5,644.15,5.25,1088.52,14.95,3.8,747.24,0.2,0.26
78,0.023798174260247332,4.691,1634.46,3.47,129.16,5.25,317.029,206.8,404.0,126.825,0.16,73.0,266.932,15.95,165.0,2457.0,445.71,1.63,2.8,85.05,3.8,3.8,52.6,117.13,10.9128,6.75,663.28,5.25,1097.36,12.31,3.8,741.47,0.2,0.17
79,0.02576824103092989,4.579,1610.73,4.09,128.48,5.25,297.94,207.2,443.0,128.303,0.21,61.0,269.154,16.47,110.0,2437.0,432.98,1.675,2.9,86.03,2.1,3.1,49.9,119.3,10.985,7.0,677.67,5.25,1103.76,11.98,2.8,756.16,0.2,0.55
80,0.032583496429774206,4.563,1617.42,4.29,132.24,5.25,312.073,207.6,483.0,133.115,0.19,47.0,281.938,16.38,187.0,2449.0,463.31,1.72,2.7,85.32,1.3,3.1,49.6,123.41,10.7733,7.25,721.32,5.25,1108.73,11.1,2.1,792.74,0.2,0.23
81,0.019020159289107275,4.445,1603.03,4.09,136.33,5.25,329.14,207.8,502.0,136.878,0.71,53.5,302.892,16.18,293.0,2517.0,480.29,1.655,2.6,82.95,2.0,3.0,49.2,122.77,10.9823,7.25,754.53,5.25,1115.58,10.91,2.1,825.44,0.1,0.26
82,0.014026689673406478,4.694,1681.07,4.05,140.53,5.25,314.02299999999997,208.1,501.0,139.933,0.18,47.5,316.531,16.64,129.0,2455.0,510.1,1.685,2.6,83.65,2.5,2.9,49.8,127.34,10.8033,7.5,745.44,5.25,1116.41,11.56,2.6,837.1,0.1,0.4
83,0.015122613934212438,4.802,1721.96,3.98,140.66,5.25,314.684,208.6,467.5,141.325,0.32,53.6,313.189,16.44,267.0,2520.0,510.27,1.705,2.7,84.6,2.1,3.0,52.1,129.91,11.0242,7.75,808.16,5.25,1119.31,10.42,2.8,869.05,0.2,0.46
84,-0.0195611912454543,4.521,1752.74,4.11,144.25,5.25,325.281,209.135,474.5,140.58100000000002,0.11,62.5,311.33,16.82,37.0,2549.0,496.45,1.636,2.7,83.57,2.4,3.0,54.7,127.19,11.1619,8.0,783.74,5.25,1129.54,15.42,2.7,843.7,0.3,0.38
85,0.011186792782358346,4.537,1713.61,4.21,144.65,5.25,328.452,209.418,438.0,143.4,0.19,65.5,323.682,16.07,124.0,2499.0,523.61,1.659,2.5,82.93,2.8,3.0,52.8,130.32,11.0494,8.25,763.7,5.25,1133.87,14.64,2.6,863.1,0.1,0.29
86,0.044293038561533216,4.512,1701.0,3.99,146.21,5.25,332.246,209.747,485.5,149.766,-0.16,73.0,339.039,16.28,196.0,2486.0,525.87,1.66,2.3,81.447,2.6,3.3,52.7,134.71,10.9658,8.5,765.88,5.25,1138.35,14.22,2.5,896.04,0.2,0.19
87,0.03489773978594779,4.851,1755.68,3.95,150.22,5.25,332.676,210.058,517.0,154.219,-0.19,72.6,355.49699999999996,16.35,363.0,2480.0,523.07,1.7530000000000001,2.2,82.301,2.7,3.3,51.1,138.12,10.7416,8.75,767.64,5.25,1136.64,13.05,2.9,928.3,0.1,0.2
88,-0.01661234360214492,4.923,1774.88,3.98,152.9,5.25,328.029,210.392,582.0,153.766,0.31,67.1,372.161,15.88,105.0,2501.0,554.86,1.879,2.2,81.92,2.7,3.4,55.7,137.3,10.8084,9.0,698.33,5.25,1141.38,16.23,3.2,902.88,0.2,0.29
89,-0.03100609430129375,4.563,1706.18,4.14,155.97,5.25,334.836,210.773,630.0,151.417,0.15,67.4,391.79699999999997,15.55,29.0,2537.0,573.3,1.8,2.2,80.77,2.4,3.4,50.4,132.48,10.985999999999999,9.25,639.58,5.25,1148.48,23.52,3.8,873.57,0.2,0.3
90,0.01498841443230714,4.246,1608.25,4.03,152.16,5.25,322.678,211.11900000000003,767.0,150.998,0.27,62.9,383.471,16.11,34.0,2565.0,550.57,1.6130000000000002,2.1,80.791,2.0,3.2,50.7,131.19,11.0303,9.25,669.44,5.25,1153.32,23.38,4.7,884.81,0.2,0.27
91,0.037400367872470815,4.248,1616.62,3.79,163.25,4.75,348.50699999999995,211.554,939.0,159.10399999999996,0.8,60.4,425.82199999999995,16.26,147.0,2518.0,578.29,1.685,2.1,77.719,2.8,3.1,53.9,132.04,10.9355,9.25,698.19,4.75,1162.38,18.0,5.9,947.29,0.2,0.48
92,0.015907147527790544,4.17,1620.07,3.74,171.29,4.5,360.125,212.077,808.0,165.31099999999995,0.84,63.9,473.31,16.19,215.0,2587.0,622.78,1.61,2.2,76.479,3.5,3.1,53.5,135.7,10.6542,9.25,702.67,4.5,1168.91,18.53,6.4,988.83,0.2,0.33
93,-0.04180849703136147,3.387,1531.88,3.93,161.92,4.5,348.83099999999996,212.66,867.0,158.002,0.34,72.0,439.749,16.1,58.0,2639.0,598.68,1.4780000000000002,2.3,76.14699999999998,4.3,3.4,53.2,129.23,10.9202,9.5,640.16,4.5,1180.19,22.87,7.4,956.15,0.3,0.23
94,-0.00693696874703964,3.4410000000000003,1475.68,3.76,157.79,4.25,364.99,213.168,885.0,156.253,1.09,65.7,441.3,15.78,17.0,2760.0,617.15,1.51,2.4,76.695,4.1,3.4,51.1,127.43,10.8988,9.5,610.15,4.25,1182.94,22.5,7.8,986.14,0.2,0.38
95,-0.05998100796538075,2.762,1346.31,3.7,143.52,3.0,380.406,213.771,929.5,143.455,0.67,76.2,386.228,15.45,14.0,2845.0,509.7,1.44,2.5,75.178,4.3,3.4,49.6,112.62,10.8272,9.5,607.16,3.0,1204.8,26.2,7.5,871.88,0.3,0.43
96,-0.032483048111075274,2.474,1324.28,3.72,147.55,3.0,427.135,213.93900000000002,1073.0,143.861,0.42,75.7,414.736,15.2,15.0,2867.0,525.04,1.365,2.3,73.714,4.0,3.6,47.3,111.42,10.7136,9.75,582.89,3.0,1213.87,26.54,8.1,868.38,0.1,0.43
97,-0.004319469077178284,2.438,1212.96,4.25,139.34,2.25,400.046,214.42,929.0,141.75,0.34,83.1,392.789,14.82,10.0,2967.0,491.06,1.284,2.4,71.80199999999998,4.0,4.3,52.2,106.78,10.6421,9.75,607.92,2.25,1207.29,25.61,8.5,864.89,0.2,0.49
98,0.048701889466678194,3.011,1358.65,4.55,150.02,2.0,414.30199999999996,214.56,787.25,149.658,0.33,83.9,424.665,14.28,37.0,2986.0,514.81,1.585,2.3,72.509,3.9,4.8,45.4,112.91,10.485999999999999,9.75,645.48,2.0,1205.82,20.79,8.3,937.48,0.1,0.39
99,0.01295356896622568,3.423,1408.14,4.95,150.0,2.0,425.629,214.93599999999998,761.5,151.997,1.36,88.1,432.54400000000004,14.36,49.0,3055.0,571.0,1.7590000000000001,2.3,72.87899999999998,4.2,5.2,45.0,112.57,10.33,9.75,650.9,2.0,1205.79,17.83,8.9,975.26,0.2,0.48
100,-0.08430471038990306,3.3289999999999997,1320.1,5.26,136.77,2.0,464.35699999999997,215.424,843.5,139.516,1.97,91.4,389.39599999999996,14.07,45.0,3110.0,517.74,1.601,2.4,72.46300000000002,5.0,5.1,45.0,101.2,10.3098,9.75,575.67,2.0,1206.05,23.95,9.5,962.19,0.2,0.47
101,-0.008407704765514556,3.237,1303.62,5.39,132.36,2.0,409.311,215.965,783.75,135.893,1.55,90.4,374.708,12.73,25.0,3261.0,499.67,1.5390000000000001,2.5,73.227,5.6,5.1,54.7,99.16,10.0368,10.0,589.2,2.0,1206.87,22.94,9.5,874.07,0.3,0.4
102,0.014465917721990131,3.093,1254.71,5.57,125.3,2.0,379.496,216.393,779.25,132.964,-0.01,76.5,344.778,13.83,12.0,3464.0,464.06,1.415,2.5,77.381,5.4,4.8,50.2,100.67,10.287,10.0,601.39,2.0,1213.78,20.65,9.3,867.46,0.2,0.41
103,-0.08910561626205626,2.9810000000000003,1087.41,5.47,107.02,2.0,335.7480000000001,216.713,680.0,116.346,0.0,55.1,284.441,12.69,4.0,3623.0,385.38,1.472,2.5,79.44800000000002,4.9,4.3,45.4,89.49,10.9378,10.0,594.8,2.0,1167.71,39.39,9.2,732.94,0.1,0.58
104,-0.16795061887570914,2.833,867.12,5.78,85.93,1.0,264.29,216.78799999999998,536.25,93.2919,0.55,39.8,206.59599999999998,10.7,7.0,3928.0,281.5,1.476,2.2,85.633,3.7,3.9,33.0,78.0,12.8259,10.0,407.99,1.0,1151.34,59.89,9.8,627.13,0.0,0.29
105,-0.07175186110626862,1.916,834.82,6.23,82.67,1.0,245.9,216.947,542.5,87.1631,0.8,28.4,191.044,10.29,4.0,4447.0,238.04,1.399,2.0,86.51700000000002,1.1,2.9,36.8,72.31,13.4647,10.0,315.04,1.0,1165.27,55.28,8.9,574.41,0.1,0.46
106,0.010642145679149673,1.551,859.24,6.53,89.58,0.0,234.87400000000002,216.925,610.75,90.3221,0.14,17.1,205.94400000000002,10.18,14.0,4679.0,215.33,1.1740000000000002,1.8,81.308,0.1,1.7,32.5,69.43,13.6733,9.5,365.67,0.25,1186.53,40.0,7.1,582.95,0.0,0.57
107,-0.08428884086498101,1.88,794.03,6.28,83.12,0.0,222.24900000000002,217.34599999999998,568.0,82.6055,-0.31,29.0,192.644,9.6,4.0,5010.0,196.67,1.297,1.7,85.999,0.0,2.2,30.5,66.91,14.3333,9.0,304.73,0.25,1208.32,44.84,6.3,529.92,0.2,0.44
108,-0.10647796709532442,1.986,756.71,6.2,75.19,0.0,212.396,217.792,510.5,74.5167,0.42,29.9,181.77700000000002,9.04,7.0,5445.0,183.9,1.28,1.8,88.008,0.2,1.9,28.0,60.44,15.255,8.0,244.63,0.25,1198.53,46.35,5.5,477.4,0.2,0.47
109,0.08759799468389362,1.6569999999999998,773.66,6.04,80.93,0.0,220.049,218.253,532.75,80.6549,-0.45,31.6,207.9,9.57,10.0,5935.0,207.78,1.3530000000000002,1.8,85.43,-0.4,2.0,30.5,61.66,14.1722,7.0,255.63,0.25,1201.93,44.14,5.0,507.63,0.2,0.52
110,0.095709137032282,2.012,837.79,6.17,90.96,0.0,221.662,218.706,524.25,90.1755,-0.53,31.4,242.49599999999998,9.22,28.0,6300.0,258.38,1.432,1.9,84.61399999999998,-0.7,2.8,33.5,69.91,13.8408,7.0,331.91,0.25,1228.99,36.5,4.5,536.96,0.2,0.42
111,0.055931617174761694,2.342,897.91,5.98,102.04,0.0,250.488,218.90400000000002,637.25,99.1607,-0.52,45.0,283.931,10.01,19.0,6635.0,298.63,1.49,1.8,79.348,-1.3,2.8,35.3,72.72,13.1506,5.0,338.52,0.25,1253.89,28.92,3.0,560.71,0.1,0.2
112,0.0019853339304933826,2.556,929.76,5.74,103.21,0.0,245.722,219.112,511.25,98.6054,0.29,47.9,280.106,9.98,25.0,6618.0,280.15,1.359,1.7,80.133,-1.4,3.1,45.0,71.77,13.185,4.5,330.48,0.25,1267.85,26.35,1.9,574.0,0.1,0.25
113,0.07563344763632962,2.516,950.26,5.44,111.88,0.0,253.66299999999998,219.263,528.25,107.285,-0.23,52.8,311.603,11.4,74.0,6111.0,318.15,1.419,1.5,78.347,-2.1,2.9,47.1,78.37,13.1917,4.5,365.57,0.25,1284.43,25.92,0.3,611.65,0.1,0.31
114,0.03610347885952448,2.387,965.73,5.08,113.4,0.0,252.185,219.49599999999998,471.0,111.12200000000001,-0.68,62.3,310.488,14.58,54.0,5970.0,329.37,1.31,1.4,78.172,-1.5,2.8,47.5,82.11,13.3633,4.5,413.18,0.25,1297.35,26.01,-1.0,619.28,0.1,0.15
115,0.03731772142805823,2.313,909.84,4.89,117.99,0.0,256.153,219.92,457.5,116.22,0.28,63.3,338.671,9.36,137.0,5912.0,353.71,1.301,1.5,76.653,-1.3,2.2,48.6,84.28,13.5115,4.0,439.09,0.25,1306.95,25.61,-1.1,642.98,0.2,0.4
116,-0.01857622658495195,2.31,894.67,4.5,116.46,0.0,264.55400000000003,220.50099999999998,494.25,114.42399999999999,0.1,64.3,339.09,10.4,15.0,5649.0,360.68,1.415,1.7,76.3,-0.2,2.9,53.5,82.48,13.1977,4.0,416.47,0.25,1315.09,30.69,-1.9,623.95,0.3,0.32
117,0.05998224229274341,2.001,839.94,3.86,117.69,0.0,273.85900000000004,220.666,567.5,119.13,-0.1,55.4,353.655,10.85,40.0,5323.0,364.63,1.266,1.7,74.87899999999998,1.8,2.7,51.2,83.17,12.9342,3.5,447.42,0.25,1326.46,24.51,-2.3,666.46,0.1,0.14
118,0.01931568553487017,2.681,907.59,3.57,120.45,0.0,279.279,220.88099999999997,541.5,121.59700000000001,-0.16,63.8,367.62199999999996,11.1,110.0,4987.0,396.5,1.295,1.8,77.86,2.7,2.5,52.6,88.28,13.0914,3.5,478.34,0.25,1324.05,21.68,-1.4,685.78,0.1,0.47
119,-0.035972789115646164,2.325,901.12,4.46,116.83,0.0,258.953,220.63299999999998,474.0,116.34200000000001,0.27,68.0,347.119,10.7,35.0,4796.0,416.88,1.325,1.6,79.462,2.6,2.8,55.2,85.7,13.095,3.5,452.88,0.25,1336.1,24.62,-1.3,641.74,-0.1,0.75
120,0.03097549960483237,2.303,894.1,4.83,118.07,0.0,268.567,220.731,506.5,117.824,0.98,65.1,348.34,10.12,128.0,4755.0,399.49,1.305,1.3,80.362,2.1,2.7,55.7,85.37,12.772,3.5,478.25,0.25,1339.84,19.5,0.3,672.62,0.0,0.41
121,0.06034704616513431,2.545,978.81,4.97,125.11,0.0,265.231,220.783,450.5,125.404,0.95,75.2,376.463,11.57,156.0,4668.0,450.21,1.4,1.1,81.07300000000002,2.3,2.7,55.8,91.43,12.365,3.5,523.69,0.25,1343.52,17.59,0.3,722.15,0.0,0.35
122,0.015786375278856513,2.418,987.04,4.27,125.86,0.0,270.388,220.822,491.75,125.615,0.27,78.0,381.024,11.26,291.0,4695.0,461.32,1.29,0.9,81.866,2.2,2.9,54.8,90.16,12.3109,3.0,557.26,0.25,1349.31,22.05,0.9,726.25,0.0,0.11
123,-0.07985053760707661,2.094,880.46,3.92,113.48,0.0,251.669,220.96200000000002,457.75,113.706,0.47,77.0,347.51,11.84,23.0,4553.0,436.95,1.265,0.9,86.588,2.0,3.2,57.9,85.04,12.9346,3.0,526.54,0.25,1345.28,32.07,1.5,676.78,0.1,0.23
124,-0.05234864473640588,1.775,841.42,3.69,112.8,0.0,252.47,221.19400000000002,464.75,110.20299999999999,2.21,54.9,344.95599999999996,11.41,23.0,4484.0,421.19,1.091,0.9,86.01899999999998,1.1,2.8,56.8,84.4,12.9409,3.0,500.88,0.25,1352.59,34.54,1.2,639.79,0.1,0.14
125,0.07006057496662255,1.598,849.5,3.64,119.11,0.0,269.573,221.363,661.5,119.17,0.14,55.6,373.68199999999996,11.74,100.0,4467.0,449.38,1.074,0.9,81.539,1.2,2.7,58.6,88.5,12.6453,3.0,549.11,0.25,1364.91,23.5,2.2,689.03,0.1,0.21
126,-0.045140023972976014,1.3330000000000002,804.67,3.68,116.54,0.0,262.712,221.50900000000001,652.5,115.00399999999999,0.42,61.8,366.425,11.83,85.0,4509.0,444.98,0.971,0.9,83.20200000000001,1.1,2.7,61.2,87.19,13.2046,3.0,542.25,0.25,1370.17,26.05,2.6,659.29,0.1,0.1
127,0.08924139111580276,1.265,829.51,3.7,126.31,0.0,281.785,221.71099999999998,674.0,126.006,0.99,69.8,407.145,11.67,212.0,4431.0,457.3,0.94,0.8,78.72,1.1,2.2,58.0,90.01,12.5936,3.0,567.5,0.25,1377.28,23.7,1.9,727.57,0.1,0.36
128,0.03804709395217265,1.168,810.91,4.02,129.36,0.0,295.82599999999996,221.83,717.25,130.56,0.75,73.8,418.967,12.24,137.0,4328.0,470.89,0.9390000000000001,0.6,77.266,1.2,2.7,57.5,92.17,12.345,3.0,590.07,0.25,1383.05,21.2,2.0,763.37,0.1,0.19
129,0.00013120842963698642,1.4680000000000002,860.94,4.32,128.65,0.0,294.779,222.149,650.25,127.655,0.79,69.0,407.907,12.12,75.0,4118.0,477.58,1.194,0.8,81.195,1.1,3.0,60.2,90.73,12.4877,3.0,580.3,0.25,1379.56,23.54,2.5,778.03,0.1,0.24
130,0.06683183304403982,2.008,898.8,4.4,137.7,0.0,326.288,222.343,794.25,137.003,0.83,73.3,437.015,12.43,116.0,3898.0,500.31,1.128,0.8,79.028,1.5,3.0,56.7,95.38,12.3401,3.0,607.15,0.25,1379.05,17.75,2.98,810.66,0.1,0.43
131,0.023700627633862936,1.942,910.08,3.78,136.62,0.0,329.56,222.803,840.75,139.15200000000002,0.42,79.6,425.159,12.49,116.0,3887.0,498.2,1.219,1.0,77.735,1.6,3.4,61.6,96.92,12.1219,3.0,629.94,0.25,1384.16,19.53,2.72,815.25,0.2,0.46
132,0.03425891702088335,2.14,951.27,3.57,137.49,0.0,333.904,223.213,782.5,143.205,0.66,80.2,421.194,12.8,254.0,3809.0,510.86,1.264,1.1,76.889,2.1,3.4,62.3,99.17,12.1016,3.25,658.6,0.25,1386.65,18.35,2.67,848.12,0.2,0.4
133,0.00039757878984159056,2.278,869.38,3.04,135.78,0.0,340.79699999999997,223.454,763.25,143.062,0.48,82.3,445.958,12.85,233.0,3766.0,521.81,1.26,1.2,75.857,2.7,4.6,60.5,95.47,11.9048,3.5,650.86,0.25,1387.0,17.74,3.37,865.63,0.1,0.3
134,0.02961454649376627,1.969,851.85,3.36,139.48,0.0,352.599,223.727,769.25,148.915,0.55,82.6,459.791,13.07,331.0,3834.0,518.04,1.21,1.3,72.933,3.2,4.6,59.2,98.1,11.4959,3.75,681.77,0.25,1396.44,14.75,3.22,899.32,0.1,0.08
135,-0.011319478176393227,1.7,838.48,3.25,136.29,0.0,334.764,224.175,782.25,145.714,0.7,77.9,447.731,11.99,197.0,3728.0,502.4,1.165,1.5,74.638,3.6,4.1,58.1,97.04,11.5693,4.0,688.41,0.25,1402.07,15.45,3.26,894.85,0.2,0.18
136,-0.016669152417465805,1.7619999999999998,849.22,3.28,134.97,0.0,317.878,224.697,584.75,143.418,-0.09,70.3,440.844,11.68,103.0,3719.0,496.41,1.14,1.6,74.303,3.6,3.8,62.1,94.18,11.7135,4.25,668.38,0.25,1401.75,16.52,3.44,888.86,0.2,0.19
137,-0.02033314597218128,1.3559999999999999,841.37,3.55,136.77,0.0,327.2920000000001,225.218,672.5,141.083,-0.21,59.1,438.88599999999997,12.4,13.0,3676.0,501.07,1.082,1.8,73.89699999999998,3.6,3.4,53.2,91.72,11.7354,4.5,669.06,0.25,1407.55,25.25,2.91,872.31,0.2,0.22
138,-0.05432406833995107,0.963,770.6,3.42,124.97,0.0,330.561,225.862,745.25,130.77700000000002,0.22,57.5,399.665,12.4,35.0,3723.0,433.89,1.034,2.0,74.117,3.8,3.5,51.8,82.15,12.3327,4.5,634.08,0.25,1403.9,31.62,3.17,822.72,0.3,0.12
139,-0.07029632411714304,0.953,761.17,3.14,113.12,0.0,281.853,226.118,609.25,118.43,0.43,57.0,341.39599999999996,13.01,11.0,3697.0,380.03,1.032,2.0,78.553,3.9,3.3,56.6,78.36,13.8973,4.5,565.91,0.25,1398.19,42.96,3.27,781.65,0.1,0.27
140,0.10929205144008414,0.961,764.06,3.2,121.77,0.0,300.507,226.50599999999997,628.25,131.12,0.45,41.4,386.616,13.27,33.0,3677.0,415.33,1.047,2.1,76.166,3.5,3.2,53.0,84.45,13.3517,4.5,642.65,0.25,1406.48,29.96,3.67,846.04,0.2,0.26
141,-0.0022084125109136377,0.953,728.46,3.48,113.57,0.0,293.83799999999997,226.899,595.75,127.194,0.37,48.1,360.85,13.36,93.0,3592.0,419.12,1.072,2.2,78.384,3.4,3.2,51.3,83.25,13.6251,4.75,618.67,0.25,1400.12,27.8,3.92,849.52,0.2,0.32
142,0.010228910475976516,0.833,728.61,3.82,113.86,0.0,282.82599999999996,227.405,652.75,126.93700000000001,0.04,45.4,356.501,13.46,145.0,3566.0,390.59,0.988,2.2,80.178,3.0,3.1,54.9,84.95,13.9357,4.75,643.87,0.25,1403.21,23.4,4.43,860.0,0.2,0.51
143,0.04481365855466102,0.705,755.27,4.05,122.92,0.0,289.819,227.877,666.0,134.31799999999998,-0.01,53.5,396.93699999999995,14.0,191.0,3454.0,446.79,0.9670000000000001,2.3,79.288,2.9,3.3,52.6,88.08,13.0456,5.0,686.98,0.25,1416.86,19.44,4.25,876.69,0.2,0.45
144,0.04324175751100556,0.86,835.96,3.87,128.96,0.0,297.64099999999996,228.03400000000002,664.25,141.076,-0.1,60.1,420.714,14.58,138.0,3392.0,473.07,0.963,2.2,78.737,2.9,3.3,52.1,91.4,12.8624,5.25,682.23,0.25,1422.68,18.43,4.41,921.29,0.1,0.43
145,0.03291221002621913,1.0390000000000001,854.35,3.73,126.6,0.0,285.329,228.47799999999998,660.75,142.013,0.23,62.3,406.671,14.22,103.0,3286.0,456.17,0.9890000000000001,2.3,79.00399999999998,2.7,3.9,55.3,91.0,12.8107,5.25,713.25,0.25,1425.29,15.5,3.78,961.2,0.2,0.24
146,-0.006278078562377497,0.809,804.27,3.41,125.34,0.0,284.121,228.905,647.75,140.389,0.5,61.0,401.81,14.47,76.0,3296.0,447.9,0.897,2.3,78.77600000000002,2.3,3.2,55.6,88.87,13.0127,5.25,731.84,0.25,1427.94,17.15,3.5,978.52,0.2,0.15
147,-0.060101348833743184,0.6559999999999999,719.49,3.85,112.59,0.0,258.175,229.22400000000002,643.75,127.802,0.89,47.2,356.75,14.05,41.0,3351.0,394.68,0.8240000000000001,2.3,83.04299999999998,1.7,3.0,53.6,82.74,14.3755,5.25,701.16,0.25,1425.57,24.06,3.13,932.92,0.1,0.27
148,0.04120251073670289,0.7190000000000001,770.08,4.34,117.22,0.0,272.357,229.623,739.0,134.114,0.68,35.7,370.51800000000003,14.13,192.0,3304.0,431.75,0.8370000000000001,2.2,81.627,1.7,3.1,54.8,86.79,13.3608,5.25,740.57,0.25,1429.35,17.08,2.64,961.8,0.2,0.22
149,0.013888712618295164,0.5820000000000001,736.31,4.42,118.69,0.0,289.974,229.97,888.25,135.95,0.95,39.4,377.746,14.11,142.0,3312.0,455.22,0.794,2.1,82.635,1.4,3.0,52.5,90.35,13.3291,5.0,756.85,0.25,1438.78,18.93,2.5,974.63,0.2,0.31
150,0.02252338710350421,0.591,731.64,4.57,117.75,0.0,293.7390000000001,230.233,870.0,138.906,1.21,54.4,376.48800000000006,14.15,110.0,3327.0,455.55,0.797,1.9,81.208,1.7,3.6,51.2,91.9,13.190999999999999,4.75,758.2,0.25,1443.77,17.47,2.57,988.02,0.1,0.22
151,0.025842650779400955,0.626,737.42,4.77,122.47,0.0,298.749,230.65900000000002,902.5,143.281,0.59,60.0,399.20599999999996,14.81,128.0,3309.0,467.71,0.778,2.0,79.935,2.0,3.3,53.0,92.57,12.8585,4.75,750.87,0.25,1448.77,15.73,2.85,1006.11,0.2,0.18
152,-0.01846511239374193,0.722,742.33,4.6,121.99,0.0,287.1790000000001,231.024,864.5,142.326,0.31,55.5,396.782,14.48,111.0,3223.0,464.84,0.775,2.0,79.919,2.2,3.1,52.7,93.14,13.0949,4.75,747.12,0.25,1452.23,18.6,2.92,982.4,0.2,0.23
153,0.005799368594250787,0.618,781.46,4.18,124.65,0.0,287.327,231.33,844.75,144.14600000000004,-0.19,52.1,401.82,15.08,129.0,3195.0,466.28,0.716,1.9,80.153,1.8,3.1,48.6,95.03,12.9667,4.5,742.72,0.25,1452.94,15.87,2.13,1000.0,0.1,0.05
154,0.009114279037158113,0.7240000000000001,859.8,3.57,129.36,0.0,279.836,231.725,778.0,147.411,0.5,54.0,421.467,15.22,120.0,3127.0,490.01,0.7909999999999999,1.9,79.76899999999998,1.7,3.2,52.6,96.31,12.8533,4.25,765.74,0.25,1454.96,18.02,1.48,989.85,0.2,0.12
155,0.051796010285732434,0.879,940.25,3.25,133.22,0.0,286.545,232.229,779.5,154.202,0.41,56.9,427.278,15.41,181.0,3138.0,493.49,0.754,1.9,79.207,1.6,3.3,52.6,98.9,12.7087,4.0,796.18,0.25,1456.98,14.28,1.55,1033.2,0.2,0.42
156,0.013575485164151193,0.762,975.66,3.55,135.06,0.0,274.834,232.56900000000002,707.75,154.178,0.41,62.2,421.91,15.57,199.0,3043.0,489.57,0.6629999999999999,2.0,81.949,2.0,3.3,52.2,99.64,12.7793,3.75,805.68,0.25,1459.77,15.51,1.3,1054.54,0.1,0.51
157,0.03750299634445975,0.765,1034.71,4.25,135.56,0.0,276.686,232.794,687.75,156.997,0.15,53.7,414.64300000000003,15.5,383.0,3080.0,491.15,0.551,1.9,82.976,1.5,3.2,52.9,100.92,12.3312,3.25,830.17,0.25,1461.07,12.7,1.51,1107.49,0.1,0.3
158,0.019266800238262768,0.677,1165.13,4.65,142.11,0.0,268.964,232.832,721.75,161.482,0.42,48.5,417.76800000000003,15.43,279.0,3039.0,476.54,0.609,1.7,81.74600000000002,1.1,3.1,50.2,101.87,12.134,3.25,877.84,0.25,1465.14,13.52,0.98,1139.73,0.0,0.08
159,0.02339007303199669,1.0190000000000001,1135.78,4.63,134.84,0.0,262.931,232.99599999999998,705.5,161.039,0.03,49.9,407.05,15.29,90.0,2999.0,476.12,0.857,1.7,83.375,1.4,3.1,49.7,103.16,12.8089,3.25,821.2,0.25,1463.48,16.3,0.94,1138.98,0.1,0.2
160,-0.013428114595806841,1.395,1133.84,4.09,130.52,0.0,250.535,233.35,648.5,156.332,0.43,50.7,381.13800000000003,15.74,95.0,3003.0,442.99,0.853,1.6,83.13600000000002,1.8,3.0,49.3,97.69,12.9308,3.25,802.71,0.25,1458.49,16.86,1.86,1128.01,0.2,0.13
161,0.05088646138087327,1.379,1131.7,3.47,132.25,0.0,253.949,233.88,664.25,163.816,0.26,48.4,385.12,15.69,210.0,3010.0,442.09,0.802,1.7,81.452,2.0,3.1,52.8,102.62,12.732000000000001,3.25,805.53,0.25,1464.14,13.45,2.13,1198.98,0.2,0.03
162,-0.02896131814722325,1.642,1106.05,3.46,130.18,0.0,262.589,234.33599999999998,643.25,160.403,0.13,52.8,378.505,15.65,16.0,2839.0,434.34,0.72,1.8,82.087,1.5,3.0,54.2,101.76,13.38,3.25,754.67,0.25,1463.5,17.01,2.14,1157.76,0.2,0.09
163,0.03135828612287539,1.382,1194.1,3.39,138.55,0.0,255.882,234.7,678.5,168.688,1.02,57.4,403.119,15.28,64.0,2944.0,462.9,0.6859999999999999,1.7,80.221,1.2,3.3,53.1,106.16,13.0914,3.25,779.75,0.25,1469.0,16.6,1.91,1194.14,0.2,0.32
164,0.04596724196548218,1.33,1194.26,3.36,142.32,0.0,252.10299999999998,234.921,667.5,175.468,0.85,55.0,422.704,15.27,144.0,2927.0,483.57,0.595,1.7,80.195,1.0,3.0,53.6,110.15,13.0217,3.25,809.94,0.25,1474.01,13.75,1.51,1256.72,0.1,0.19
165,0.030473950715243836,1.371,1258.66,3.62,142.06,0.0,250.08599999999998,235.359,655.0,177.953,0.3,51.7,416.523,16.04,221.0,2808.0,466.16,0.605,1.7,80.68,1.2,2.9,55.5,111.08,13.1093,3.25,771.68,0.25,1477.56,13.7,2.32,1295.39,0.2,0.14
166,0.02531449847234768,1.743,1302.29,3.97,141.35,0.0,253.18599999999998,235.75900000000001,605.25,181.023,0.32,51.7,410.501,15.52,282.0,2807.0,448.38,0.741,1.7,80.035,1.5,3.0,52.9,112.13,13.0367,3.25,779.3,0.25,1476.07,13.72,2.94,1334.33,0.2,0.33
167,-0.034573136525132935,1.4909999999999999,1220.64,4.48,134.81,0.0,253.94,235.983,555.75,173.782,0.37,60.3,383.845,15.35,54.0,2867.0,415.05,0.622,1.6,81.311,1.6,3.1,52.9,110.08,13.3573,3.25,807.6,0.25,1480.11,18.41,3.02,1304.36,0.1,0.85
168,0.04574579421734182,1.5019999999999998,1211.66,4.23,137.84,0.0,269.774,236.172,599.0,182.17700000000002,0.22,59.8,396.56,15.6,227.0,2797.0,415.5,0.586,1.6,79.691,1.1,3.2,54.1,115.1,13.2492,3.25,845.89,0.25,1483.63,14.0,3.39,1391.27,0.1,0.28
169,0.008403587283188685,1.719,1202.89,3.76,138.0,0.0,270.883,236.622,697.25,182.987,1.16,59.0,408.733,16.79,136.0,2739.0,419.87,0.642,1.7,80.1,1.5,3.2,53.7,113.81,13.058,3.25,847.46,0.25,1483.02,13.88,3.86,1344.23,0.2,0.21
170,0.007394438173786932,1.6769999999999998,1162.44,3.5,137.34,0.0,277.482,237.07,713.0,184.729,0.72,55.9,410.099,16.29,102.0,2709.0,406.07,0.627,1.8,79.47399999999998,2.0,3.2,56.8,115.4,13.0793,3.5,872.65,0.25,1486.4,13.41,4.3,1332.44,0.2,0.29
171,0.02347322575996857,1.54,1201.41,3.51,141.77,0.0,269.505,237.541,627.25,188.658,0.06,58.7,424.413,16.69,181.0,2632.0,445.98,0.578,2.0,80.369,2.1,3.3,54.7,117.48,12.857999999999999,3.75,897.24,0.25,1490.69,11.4,4.7,1385.71,0.2,0.09
172,0.020656324616626698,1.631,1262.56,3.75,145.73,0.0,271.112,237.833,564.75,192.21,-0.64,57.0,435.69,16.97,246.0,2576.0,452.87,0.5660000000000001,1.9,79.775,2.1,3.1,52.9,116.74,12.9683,4.0,907.26,0.25,1490.05,11.57,4.3,1414.88,0.1,0.21
173,-0.013791530834586063,1.754,1289.42,4.07,148.85,0.0,257.601,238.232,530.25,189.87900000000002,-0.5,60.1,444.11400000000003,16.53,28.0,2527.0,436.43,0.5379999999999999,1.9,81.456,2.0,3.3,55.5,114.88,13.2166,4.25,905.94,0.25,1489.7,16.95,4.5,1399.72,0.2,0.19
174,0.04000639417216889,1.626,1277.97,4.15,147.91,0.0,254.90900000000002,238.405,550.25,194.074,-0.31,56.9,454.12199999999996,17.22,159.0,2486.0,439.09,0.496,1.7,82.74799999999998,1.7,3.2,57.6,116.89,13.0847,4.5,937.38,0.25,1492.83,11.98,4.5,1464.97,0.1,0.21
175,-0.01402284716770874,1.757,1326.29,4.22,140.31,0.0,239.03900000000002,238.77700000000002,477.75,187.78,0.26,58.7,420.462,16.24,29.0,2419.0,430.6,0.531,1.7,85.936,1.7,3.0,54.4,117.21,13.4286,4.5,883.07,0.25,1490.75,16.31,4.9,1456.16,0.2,0.29
176,0.02442480339620001,1.61,1333.64,4.3,141.84,0.0,237.11700000000002,239.188,532.5,189.102,-0.07,52.7,425.41900000000004,16.26,326.0,2433.0,428.76,0.45799999999999996,1.8,86.917,1.7,2.9,54.2,114.98,13.4813,4.5,958.09,0.25,1494.81,14.03,5.7,1490.07,0.2,0.17
177,0.026894094820909983,1.4809999999999999,1410.34,4.17,140.69,0.0,227.47099999999998,239.412,577.25,192.266,0.51,44.4,420.92,16.79,296.0,2481.0,413.61,0.42100000000000004,1.7,88.35600000000002,1.3,2.8,54.5,118.44,13.9293,4.5,983.87,0.25,1497.07,13.33,5.5,1546.48,0.1,0.16
178,-0.002519211634947172,1.6540000000000001,1407.51,4.08,137.87,0.0,210.12400000000002,239.572,589.75,188.555,0.63,37.8,401.52099999999996,16.71,171.0,2429.0,359.87,0.32899999999999996,1.6,90.26899999999999,0.8,2.8,57.1,116.72,14.7515,4.5,991.56,0.25,1492.53,19.2,4.6,1530.3,0.1,0.23
179,-0.030020374379218118,1.156,1415.07,3.07,140.37,0.0,203.106,239.845,502.75,185.607,0.29,35.1,403.92800000000005,16.66,159.0,2320.0,372.41,0.278,1.6,94.804,-0.1,2.5,54.6,125.07,14.977,4.5,1048.06,0.25,1500.29,20.97,4.5,1521.43,0.1,-0.03
180,0.05747371645497613,1.5,1523.85,3.0,146.23,0.0,208.338,240.136,517.5,195.94099999999997,0.09,35.2,416.435,16.4,92.0,2375.0,409.92,0.335,1.7,95.29299999999999,0.0,2.8,51.7,133.54,14.9499,4.5,1022.16,0.25,1499.93,13.34,4.4,1604.47,0.1,0.34
181,-0.01581566410271007,1.371,1543.11,3.14,146.31,0.0,197.637,240.74900000000002,511.75,192.90400000000002,0.74,40.1,410.51300000000003,17.5,105.0,2289.0,412.77,0.405,1.8,98.35700000000001,-0.1,3.0,51.0,135.26,15.2635,4.5,1033.9,0.25,1503.03,15.29,4.2,1585.98,0.3,0.26
182,0.009594588557447992,1.426,1592.79,3.06,153.37,0.0,208.96900000000002,241.34599999999998,467.0,198.50099999999998,1.03,41.6,442.087,16.93,36.0,2256.0,443.55,0.342,1.8,94.6,-0.2,2.6,49.7,134.63,15.3505,4.5,983.81,0.25,1505.63,14.55,4.1,1572.14,0.2,0.16
183,0.012858622825877577,1.486,1673.65,2.88,151.43,0.0,203.331,241.644,477.0,198.24200000000002,0.51,49.0,424.384,17.69,52.0,2287.0,432.61,0.39399999999999996,1.7,96.90700000000001,0.0,2.8,52.6,135.68,15.378,4.5,981.61,0.25,1507.16,13.84,4.0,1623.86,0.1,0.12
184,-0.019359166114135015,1.649,1630.4,2.87,146.29,0.0,206.84400000000002,242.03900000000002,614.75,193.575,0.47,49.7,413.36199999999997,17.29,21.0,2314.0,414.84,0.465,1.8,95.485,0.1,2.7,54.2,129.19,15.7389,4.5,940.11,0.25,1504.75,18.23,4.4,1619.77,0.2,0.21
185,0.020952081449742588,1.53,1659.52,2.74,142.05,0.0,184.87900000000002,242.543,499.25,195.25599999999997,0.65,45.1,384.708,17.5,118.0,2260.0,400.07,0.415,1.8,97.336,0.2,2.8,52.0,134.27,16.1088,4.5,985.44,0.25,1505.71,12.12,4.6,1682.65,0.2,0.17
186,-0.060334206068073375,1.5490000000000002,1537.05,2.59,129.96,0.0,183.18,242.78799999999998,482.5,181.87099999999998,0.1,38.8,349.912,17.76,5.0,2249.0,365.11,0.38,1.8,95.824,0.2,2.8,49.0,122.62,16.7503,4.5,928.95,0.25,1503.83,28.43,5.0,1582.37,0.1,0.2
187,-0.024743563477429453,1.358,1411.16,2.52,123.82,0.0,176.921,243.30599999999998,512.75,175.282,0.56,37.6,339.38599999999997,17.97,4.0,2227.0,350.69,0.35600000000000004,1.9,96.35,0.0,2.8,50.0,117.25,16.9177,4.75,944.45,0.25,1508.36,24.5,4.6,1551.88,0.2,0.37
188,0.08435452653515085,1.5190000000000001,1558.2,2.48,134.46,0.0,176.13099999999997,243.765,522.0,189.03900000000002,1.64,39.8,363.595,17.91,62.0,2195.0,374.37,0.309,1.9,96.946,0.2,2.7,45.6,126.85,16.5021,5.25,1003.67,0.25,1509.79,15.07,4.0,1664.98,0.2,0.25
189,0.0029731384304618746,1.645,1580.25,2.21,131.78,0.0,163.35399999999996,244.27200000000002,460.0,187.47799999999998,1.31,35.7,349.412,17.97,70.0,2254.0,376.46,0.307,2.0,100.17,0.5,2.7,51.5,130.03,16.5768,5.5,1001.63,0.25,1508.3,16.13,3.9,1673.49,0.2,0.04
190,-0.01577196072977516,1.761,1547.3,2.13,131.96,0.25,158.314,244.59,470.0,184.097,0.44,33.9,341.6230000000001,17.19,15.0,2228.0,341.92,0.265,2.1,98.631,0.7,2.6,46.8,123.11,17.2075,5.75,1012.74,0.5,1505.27,18.21,4.4,1672.59,0.1,0.31
191,-0.04962319447351893,1.329,1432.07,2.61,121.39,0.25,155.653,245.13400000000001,479.25,172.99400000000003,0.41,33.9,319.461,17.64,62.0,2219.0,333.32,0.1,2.2,99.60600000000001,1.4,2.5,44.2,115.37,18.1065,6.0,971.89,0.5,1510.21,20.2,4.8,1610.93,0.2,0.19
192,-0.0013491338010330756,1.213,1297.85,2.87,119.17,0.25,153.121,245.68900000000002,445.0,171.803,1.23,38.3,318.938,17.51,32.0,2187.0,336.41,-0.06,2.3,98.211,1.0,2.5,47.4,112.5,18.136,6.25,964.77,0.5,1511.02,20.55,4.7,1589.84,0.2,0.36
193,0.06783731176214358,1.206,1347.2,2.6,128.93,0.25,158.97299999999996,246.00400000000002,473.5,184.53599999999997,0.43,52.1,361.142,16.77,145.0,2181.0,372.41,-0.028999999999999998,2.2,94.586,0.9,2.7,47.6,113.62,17.279,6.5,1064.93,0.5,1522.44,13.95,4.5,1673.72,0.1,0.36
194,0.003878020505485358,1.295,1340.55,2.54,131.21,0.25,172.505,246.487,478.0,187.26,0.31,57.9,363.105,17.49,71.0,2183.0,383.93,-0.075,2.1,93.08200000000001,1.1,2.8,49.4,115.15,17.177,7.0,1046.79,0.5,1527.72,15.7,4.2,1662.76,0.2,0.22
195,0.017957218508640294,1.3730000000000002,1379.8,2.6,129.16,0.25,172.179,247.03099999999998,464.5,187.49599999999998,0.59,61.4,349.56,17.22,84.0,2131.0,369.13,-0.105,2.2,95.891,1.0,2.4,48.8,116.86,18.4672,7.25,1071.42,0.5,1527.52,14.19,4.2,1703.75,0.2,0.21
196,0.0025922510390481435,1.0,1245.82,2.54,128.9,0.25,179.291,247.43599999999998,431.25,186.361,1.12,59.8,363.531,16.99,316.0,2128.0,367.62,-0.217,2.2,96.14299999999999,1.0,2.6,49.2,111.62,18.2804,7.5,1137.28,0.5,1537.27,15.63,4.2,1754.92,0.2,0.25
197,0.03686800849753413,1.025,1322.74,2.65,136.41,0.25,170.127,247.812,407.75,194.392,0.55,54.9,381.825,17.75,244.0,2150.0,369.64,-0.19,2.2,95.53,0.8,2.7,49.6,115.45,18.7527,7.75,1180.09,0.5,1539.75,11.87,4.0,1802.07,0.2,0.17
198,0.0014047845308431395,1.198,1329.54,2.73,137.99,0.25,167.12900000000005,248.4,361.0,195.046,0.0,53.6,391.314,17.13,90.0,2128.0,377.78,-0.063,2.3,96.022,1.1,2.5,47.9,115.93,18.7836,7.75,1140.61,0.5,1539.67,13.42,3.4,1775.94,0.2,0.19
199,0.00018688004970535133,1.15,1322.78,2.97,139.72,0.25,172.363,248.71599999999998,402.0,196.24099999999999,0.38,53.1,396.346,17.65,106.0,2070.0,379.81,-0.08900000000000001,2.2,95.463,1.5,2.4,49.2,115.82,19.3852,7.75,1124.24,0.5,1541.19,13.29,3.1,1784.74,0.1,0.48
200,-0.018240452699062937,1.308,1393.02,3.06,139.04,0.25,171.521,249.06400000000002,416.25,192.91,-0.01,54.8,397.291,17.8,41.0,2048.0,394.42,-0.048,2.1,98.445,1.6,2.4,51.4,114.75,18.8642,7.75,1068.87,0.5,1541.52,17.06,2.8,1749.76,0.1,0.28
201,0.037035114647209884,1.8430000000000002,1469.43,3.31,135.67,0.25,173.80900000000003,249.519,380.5,194.37599999999998,-0.11,53.5,379.00300000000004,17.56,207.0,2020.0,402.91,0.025,2.1,101.5,1.7,2.4,52.0,115.8,20.5743,7.75,1045.16,0.5,1535.05,13.33,2.9,1739.56,0.2,0.22
202,0.019765332850302686,1.9280000000000002,1518.61,3.36,135.04,0.5,176.942,249.99599999999998,408.0,198.575,0.2,64.2,379.84,18.05,62.0,2082.0,442.66,0.046,2.2,102.21,2.1,2.2,53.3,122.5,20.7272,7.5,1089.28,0.75,1537.03,14.04,2.7,1758.46,0.2,0.45
203,0.018966218395479077,1.9140000000000001,1521.67,4.72,141.71,0.5,177.18099999999995,250.66099999999997,420.75,204.005,0.86,67.9,400.626,17.34,51.0,2054.0,439.88,0.087,2.3,99.512,2.5,2.6,54.8,121.99,20.8322,7.5,1091.81,0.75,1541.33,11.99,2.8,1816.75,0.3,0.58
204,0.03970585874155064,1.93,1535.32,4.86,145.08,0.5,177.551,251.088,424.75,209.72799999999998,0.1,66.9,412.89,17.32,99.0,2045.0,439.05,0.055999999999999994,2.2,101.12,2.7,2.7,54.5,125.22,20.109,7.25,1139.69,0.75,1545.8,12.92,2.7,1884.39,0.2,0.76
205,0.0011670181693037571,1.922,1512.6,5.35,146.92,0.75,172.826,250.90400000000002,426.5,212.293,0.25,68.8,423.31300000000016,16.72,68.0,2016.0,443.28,0.07,2.0,100.35,2.4,2.5,58.7,128.93,18.7249,7.0,1124.31,1.0,1547.02,12.37,2.7,1924.93,-0.1,0.57
206,0.010270569233243876,1.815,1531.8,5.82,148.87,0.75,170.22400000000005,251.125,418.5,215.602,-0.74,68.3,432.58,16.97,100.0,1935.0,454.76,0.018000000000000002,1.9,99.05,2.2,2.5,53.0,130.59,18.8206,6.5,1130.69,1.0,1551.03,10.82,2.7,1973.73,0.1,0.45
207,0.0140725262932897,1.7519999999999998,1568.37,6.16,152.68,0.75,167.963,251.331,429.25,220.363,-0.89,59.5,445.369,16.7,137.0,1937.0,433.88,0.049,1.7,96.92200000000001,1.9,2.6,53.3,131.62,18.6199,6.25,1130.4,1.0,1554.69,10.41,2.6,2068.94,0.1,0.28
208,0.006241746140312364,1.889,1611.9,6.31,154.59,1.0,167.64,251.69,511.0,221.365,-0.51,53.0,449.853,16.59,51.0,1951.0,426.07,0.086,1.7,95.62799999999999,1.6,2.6,56.3,128.08,18.1203,5.75,1153.47,1.25,1555.36,11.18,1.7,2077.28,0.1,0.3
209,0.02056276130951895,1.837,1618.61,6.44,160.35,1.0,171.43,252.05,474.5,227.551,-0.95,61.7,476.668,16.69,92.0,1954.0,432.48,0.083,1.7,92.863,1.7,2.6,55.8,127.54,17.8005,5.5,1167.52,1.25,1560.96,10.26,1.7,2148.49,0.1,0.27
210,0.003062062263329057,1.703,1617.41,6.66,160.91,1.0,172.12099999999995,252.61,410.25,228.423,-0.03,61.7,487.301,16.03,105.0,1943.0,456.75,0.009000000000000001,1.7,92.66799999999999,1.9,2.6,59.8,126.19,17.8863,5.25,1175.34,1.25,1564.17,10.59,1.9,2180.73,0.2,0.25
211,0.020627748382813005,1.9369999999999998,1674.75,6.35,161.17,1.0,171.865,252.94299999999998,448.25,232.83599999999998,0.34,71.5,485.36300000000006,18.47,151.0,1914.0,452.81,0.068,1.7,93.07600000000001,2.2,2.7,58.7,131.01,18.2545,5.25,1166.5,1.25,1563.67,9.51,1.5,2242.9,0.1,0.28
212,0.023334840434781512,2.017,1765.96,6.37,168.02,1.0,175.55,253.484,418.5,237.671,0.32,68.1,502.37800000000004,17.98,155.0,1904.0,458.96,0.071,1.8,94.552,2.0,2.4,59.8,133.46,19.1466,5.0,1167.49,1.25,1564.63,10.18,1.9,2355.06,0.2,0.25
213,0.03066954816344558,2.138,1792.08,6.63,170.41,1.0,174.74,253.791,409.25,242.27200000000002,-0.02,64.8,503.38599999999997,17.4,273.0,1913.0,447.18,0.039,1.7,93.04700000000001,2.2,2.5,59.2,130.46,18.6284,4.75,1197.53,1.25,1561.19,11.28,1.9,2421.18,0.1,0.34
214,0.011118352652732087,2.207,1817.56,6.77,173.81,1.25,179.957,254.398,427.0,246.178,0.73,68.3,521.456,17.76,140.0,1873.0,467.9,0.048,1.8,92.124,2.1,2.7,58.1,131.41,19.659000000000002,4.75,1196.5,1.5,1562.51,11.04,2.3,2423.52,0.2,0.42
215,0.05725373890223229,2.515,1836.71,5.55,184.03,1.25,183.53099999999998,255.287,451.75,260.066,0.75,72.7,564.918,17.07,85.0,1911.0,495.47,0.085,1.8,89.133,2.1,2.7,54.2,133.46,18.5999,4.5,1162.37,1.5,1559.55,13.54,2.2,2622.49,0.3,0.28
216,-0.036855790289246786,2.641,1768.24,5.34,177.36,1.25,180.357,255.75099999999998,484.5,249.144,0.16,74.2,538.864,16.96,40.0,1862.0,491.0,0.053,1.8,90.613,2.2,2.7,59.7,128.02,18.8381,4.5,1084.78,1.5,1556.55,19.85,2.0,2585.4,0.2,0.49
217,-0.025414037817746205,2.563,1716.3,5.04,172.76,1.5,179.236,256.2,451.0,243.81099999999998,0.6,78.1,528.845,17.4,30.0,1878.0,464.75,0.049,2.1,89.97399999999998,2.4,2.8,57.3,125.01,18.1812,4.5,1125.8,1.75,1557.64,19.97,1.8,2491.31,0.2,0.33
218,0.003837090847233604,2.798,1777.23,4.55,174.17,1.5,183.868,256.45,512.5,246.139,0.18,79.3,526.505,17.07,67.0,1794.0,453.44,0.055,2.1,91.84100000000001,2.5,2.7,54.2,130.04,18.7141,4.25,1128.8,1.75,1558.26,15.93,1.9,2510.49,0.1,0.15
219,0.024082233142822096,2.697,1747.45,4.51,172.17,1.5,186.47299999999998,256.889,526.25,246.446,1.12,79.5,507.849,16.81,86.0,1746.0,444.22,0.04,2.2,93.979,2.8,2.8,56.3,129.21,19.9117,4.25,1165.98,1.75,1564.12,15.43,2.0,2598.28,0.2,0.26
220,0.006154453658261394,2.739,1730.89,4.65,166.04,1.75,179.954,257.305,497.5,245.112,1.5,76.8,486.749,17.38,41.0,1743.0,441.06,0.036000000000000004,2.3,94.47,2.9,3.0,56.0,128.08,19.9078,4.25,1213.38,2.0,1564.24,16.09,2.5,2594.67,0.2,0.23
221,0.03721478723861527,2.8489999999999998,1753.29,4.81,166.98,1.75,176.113,257.93,553.75,252.503,0.41,73.2,497.44199999999995,16.68,71.0,1760.0,456.97,0.062,2.4,94.554,2.9,2.9,56.5,132.0,18.6469,4.25,1224.31,2.0,1567.26,12.83,2.7,2643.12,0.2,0.29
222,0.03258401862355775,2.739,1735.35,4.9,165.59,1.75,172.995,258.14099999999996,518.5,254.487,0.7,72.1,483.991,16.6,85.0,1700.0,427.0,0.107,2.2,95.14,2.7,3.0,58.5,128.68,19.085,4.25,1253.41,2.0,1573.45,12.86,2.6,2798.17,0.1,0.25
223,0.005692049975570601,2.9539999999999997,1817.25,5.02,165.34,2.0,176.312,258.441,509.0,255.595,0.79,66.9,481.423,17.4,54.0,1653.0,455.24,0.13,2.2,95.132,2.3,2.7,58.8,129.25,18.7183,4.25,1221.22,2.25,1573.98,12.12,3.1,2824.3,0.1,0.32
224,-0.0683500421624661,2.9760000000000004,1646.12,4.9,149.49,2.0,172.50599999999997,258.939,500.5,236.44099999999997,1.06,71.6,439.499,17.5,14.0,1630.0,440.8,0.127,2.1,97.12700000000001,2.5,2.9,56.8,122.26,20.3389,4.25,1187.85,2.25,1574.51,21.23,2.9,2547.58,0.2,0.31
