,AMERICAS,IBOXIG_Index#@#PX_LAST,LD01TRUU_Index#@#PX_LAST,LHVLTRUU_Index#@#PX_LAST,IBOXHY_Index#@#PX_LAST,JPEICORE_Index#@#PX_LAST,SPTR_Index#@#PX_LAST,SPE35CUN_Index#@#PX_LAST,MIMUEURN_Index#@#PX_LAST,NDDUJN_Index#@#PX_LAST,M1CXCAS_Index#@#PX_LAST,NDUECAXJ_Index#@#PX_LAST,MXAP_Index#@#PX_LAST,MIMUTURN_Index#@#PX_LAST,NDUEEGF_Index#@#PX_LAST,M1CXBLRL_Index#@#PX_LAST,IBOV_Index#@#PX_LAST,SPBLPGPT_Index#@#PX_LAST,IPSA_Index#@#PX_LAST,LC07TRUU_Index#@#PX_LAST,NDUEACWF_Index#@#PX_LAST,NDDUWI_Index#@#PX_LAST,PRTIPMEX_Index#@#PX_LAST,M00IMV$T_Index#@#PX_LAST,RU10VATR_Index#@#PX_LAST,M2USSNQ_Index#@#PX_LAST,M2US000$_Index#@#PX_LAST,RU10GRTR_Index#@#PX_LAST,DVGTR_Index#@#PX_LAST,PIPGUBER_Index#@#PX_LAST,PIPGCETE_Index#@#PX_LAST,PIPGFIX5_Index#@#PX_LAST,PIPGREA1_Index#@#PX_LAST,PIPGREA5_Index#@#PX_LAST,PIPGFX6M_Index#@#PX_LAST,LUACTRUU_Index#@#PX_LAST,LUATTRUU_Index#@#PX_LAST,LF98TRUU_Index#@#PX_LAST,SPX_Index#@#PX_LAST,MXEU_Index#@#PX_LAST,MXJP_Index#@#PX_LAST,MXEF_Index#@#PX_LAST,SBMT_Index#@#PX_LAST,NDUEEGFL_Index#@#PX_LAST,MN40MUE_Index#@#PX_LAST,RAG_Index#@#PX_LAST,MXEU000G_Index#@#PX_LAST,TPX_Index#@#PX_LAST,XAU_Curncy#@#PX_LAST,BCOMTR_Index#@#PX_LAST,DJUSRET_Index#@#PX_LAST,LPXDITU_Index#@#PX_LAST,CO1_Comdty#@#PX_LAST,CL1_Comdty#@#PX_LAST,IEV_US_EQUITY#@#PX_LAST,EWJ_US_EQUITY#@#PX_LAST,EWC_US_Equity#@#PX_LAST,EWW_US_Equity#@#PX_LAST,EWZ_US_EQUITY#@#PX_LAST,IWD_US_Equity#@#PX_LAST,IWF_US_Equity#@#PX_LAST,IYR_US_Equity#@#PX_LAST,MXN_Curncy#@#PX_LAST,BRL_Curncy#@#PX_LAST,COP_Curncy#@#PX_LAST,PEN_Curncy#@#PX_LAST,CLP_Curncy#@#PX_LAST,EUR_Curncy#@#PX_LAST,JPY_Curncy#@#PX_LAST,CHN_Curncy#@#PX_LAST,UYU_Curncy#@#PX_LAST,BFCIUS_Index#@#PX_LAST,BIGPIGP1_Index#@#PX_LAST,CFNAI_Index#@#PX_LAST,CGNOXAI%_Index#@#PX_LAST,CHPMINDX_Index#@#PX_LAST,CICRTOT_Index#@#PX_LAST,CNCPIYOY_Index#@#PX_LAST,CNFRBAL$_Index#@#PX_LAST,COMFCOMF_Index#@#PX_LAST,CONSCURR_Index#@#PX_LAST,CONSEXP_Index#@#PX_LAST,CONSPXMD_Index#@#PX_LAST,CONSSENT_Index#@#PX_LAST,CPI_XYOY_Index#@#PX_LAST,CPI_YOY_Index#@#PX_LAST,CPTICHNG_Index#@#PX_LAST,CPUPAXFE_Index#@#PX_LAST,CPUPXCHG_Index#@#PX_LAST,CPURNSA_Index#@#PX_LAST,CSI_BARC_Index#@#PX_LAST,DGNOXTCH_Index#@#PX_LAST,DXY_CURNCY#@#PX_LAST,ECMAM3YY_Index#@#PX_LAST,EUBCI_Index#@#PX_LAST,EUCCEMU_Index#@#PX_LAST,EUESEMU_Index#@#PX_LAST,EUICEMU_Index#@#PX_LAST,EUPPEMUY_Index#@#PX_LAST,EUR_CURNCY#@#PX_LAST,EURUSD_BGN_Curncy#@#PX_LAST,EUSCEMU_Index#@#PX_LAST,FDDSSD_Index#@#PX_LAST,FDTR_Index#@#PX_LAST,FDTRFTRL_Index#@#PX_LAST,FRNTTNET_Index#@#PX_LAST,FRNTTOTL_Index#@#PX_LAST,GJGB10_Index#@#PX_LAST,GJGB5_Index#@#PX_LAST,GT10_GOVT#@#PX_LAST,GT2_GOVT#@#PX_LAST,GT5_GOVT#@#PX_LAST,HG1_COMDTY#@#PX_LAST,IMP1YOY%_Index#@#PX_LAST,INJCJC_Index#@#PX_LAST,INJCSP_Index#@#PX_LAST,IPMGCHNG_Index#@#PX_LAST,JBTARATE_Index#@#PX_LAST,JCPNEFEY_Index#@#PX_LAST,JCPNEFFE_Index#@#PX_LAST,JCPTEFEY_Index#@#PX_LAST,JNC_SALE_Index#@#PX_LAST,JNCAPMOM_Index#@#PX_LAST,JNCICCOI_Index#@#PX_LAST,JNCICLEI_Index#@#PX_LAST,JNCPIXFF_Index#@#PX_LAST,JNCPIYOY_Index#@#PX_LAST,JNCPT_Index#@#PX_LAST,JNCPTXFF_Index#@#PX_LAST,JNHSAN_Index#@#PX_LAST,JNHSYOY_Index#@#PX_LAST,JNIPMOM_Index#@#PX_LAST,JNIPYOY_Index#@#PX_LAST,JNMBYOY_Index#@#PX_LAST,JNMOCHNG_Index#@#PX_LAST,JNMOYOY_Index#@#PX_LAST,JNMTOY_Index#@#PX_LAST,JNNETYOY_Index#@#PX_LAST,JNPIY_Index#@#PX_LAST,JNRSYOY_Index#@#PX_LAST,JNTBAL_Index#@#PX_LAST,JNTBEXPY_Index#@#PX_LAST,JNTBIMPY_Index#@#PX_LAST,JNTIAMOM_Index#@#PX_LAST,JNUE_Index#@#PX_LAST,JNVHPYOY_Index#@#PX_LAST,JNVHSYOY_Index#@#PX_LAST,JNWSDYOY_Index#@#PX_LAST,JPY_CURNCY#@#PX_LAST,MBAVCHNG_Index#@#PX_LAST,MTIBCHNG_Index#@#PX_LAST,MXCPYOY_Index#@#PX_LAST,NAPMEMPL_Index#@#PX_LAST,NAPMPMI_Index#@#PX_LAST,NAPMPRIC_Index#@#PX_LAST,NFP_PCH_Index#@#PX_LAST,NFP_TCH_Index#@#PX_LAST,NHCHATCH_Index#@#PX_LAST,NHCHSTCH_Index#@#PX_LAST,NHSLCHNG_Index#@#PX_LAST,NHSLTOT_Index#@#PX_LAST,nwhlnyhi_index#@#PX_LAST,PCE_CMOM_Index#@#PX_LAST,PCE_CYOY_Index#@#PX_LAST,PRUSTOT_Index#@#PX_LAST,S_1_Comdty#@#PX_LAST,SAARDTOT_Index#@#PX_LAST,SAARTOTL_Index#@#PX_LAST,SPCSUSAY_Index#@#PX_LAST,TMNOCHNG_Index#@#PX_LAST,USGG10YR_INDEX#@#PX_LAST,USGG30YR_INDEX#@#PX_LAST,USHBMIDX_Index#@#PX_LAST,USMMMNCH_Index#@#PX_LAST,USURTOT_Index#@#PX_LAST,VIX_INDEX#@#PX_LAST,W_1_Comdty#@#PX_LAST,COCPIYOY_Index#@#PX_LAST,COPIIYOY_Index#@#PX_LAST,EHCACO_Index#@#PX_LAST,EHBBCO_Index#@#PX_LAST,CORRRMIN_Index#@#PX_LAST,COUNUNER_Index#@#PX_LAST,CLGDQSA_Index#@#PX_LAST,CNPINSYO_Index#@#PX_LAST,CHUETOTL_Index#@#PX_LAST,EHCACL_Index#@#PX_LAST,CHOVCHOV_Index#@#PX_LAST,PRGQTOTL_Index#@#PX_LAST,PRCPI_Index#@#PX_LAST,PRCPYOY_Index#@#PX_LAST,PRCPMOM_Index#@#PX_LAST,EHCAPE_Index#@#PX_LAST,293.064_Index#@#PX_LAST,MXGCTOT_Index#@#PX_LAST,MXGPQTR_Index#@#PX_LAST,IGAEMOM_Index#@#PX_LAST,MXCPCHNG_Index#@#PX_LAST,MXCCYOY_Index#@#PX_LAST,MXCCCHNG_Index#@#PX_LAST,MXIPTYOY_Index#@#PX_LAST,MXPSTMOM_Index#@#PX_LAST,OEMXKLAR_Index#@#PX_LAST,MXCACUAC_Index#@#PX_LAST
2001Q1,0.07938875938875943,109.323,868.29,160.09,110.814,124.812,1619.54,1143.84,445.228,3441.57,1511.67,95.302,82.34,196.107,94.497,200.73,14438.5,1271.92,1062.44,242.87,87.5162,2168.12,3.92,988.466,465.835,1092.01,481.08,391.104,940.6,101.547,101.583,102.611,101.107,100.339,101.659,1137.25,1113.58,550.0,1160.33,115.23,810.7,313.14,834.534,97.793,133.73,406.842,100.01,1277.27,257.95,172.15099999999995,240.71,150.03,24.74,26.29,32.24,40.96,10.85,13.99,14.98,56.1,50.74,37.47,9.4615,2.1525,2312.0,3.523,595.75,0.8767,126.34,10.75,12.8,-1.521,0.27,-1.09,-4.2,35.4,11.84,0.8,2.366,52.0,103.4,83.9,2.8,91.5,2.7,2.9,77.9252,184.7,0.2,176.2,7.62,-4.4,117.37,3.8,0.64,-0.2,109.5,-1.4,3.9,0.8767,0.8767,19.2,-50.662,5.0,5.0,-42.252,47.543,1.278,0.5429999999999999,4.917,4.18,4.557,76.4,-1.6,388.0,2620.0,-0.2,0.63,-1.1,-1.1,-1.8,19.1,-1.04,104.3,94.5,-0.9,-0.7,-1.3,-1.5,1.208,-1.4,-1.7,-1.7,1.2,0.5,1.7,1.4,1.7,-2.3,-2.9,907.989,4.7,11.6,-0.2,4.8,-5.8,1.6,-1.9,126.34,-1.4,-0.5,7.17,39.9,43.1,49.9,-66.0,-27.0,0.2,-2.2,-2.5,939.0,100.0,0.1,1.7718,67.2,428.5,14.05,16.92,8.8,-0.5,4.917,5.444,60.0,-90.0,4.3,28.64,255.0,7.81,10.929,0.28,-4.71,11.5,29.71,0.86,3.5,9.5,-2.31,4.0,-4.1,82.4,3.58,0.51,-3.4,8226.7,0.56,0.13,0.06,0.63,6.84,0.6,-1.18,0.22,72.7287,-4771.0
2001Q2,-0.10373555495834463,110.222,882.16,149.41,105.309,130.406,1714.32,1141.65,435.631,3448.19,1585.89,92.967,82.74,227.06,98.209,241.85,14559.8,1347.0,1169.2,244.22,89.8821,2225.29,3.52,1021.57,488.576,1152.68,499.15,424.032,966.76,106.575,106.334,113.915,105.555,108.696,107.471,1149.31,1109.09,537.42,1224.42,116.98,808.09,322.89,841.7639999999999,106.008,146.2,443.557,100.77,1300.98,270.85,167.513,268.21,160.17,26.08,26.25,31.6,40.92,11.5,16.85,14.38,58.62,55.8,41.165,9.041,2.3105,2297.25,3.5075,631.8,0.8490000000000001,124.65,13.27,13.64,-0.08199999999999999,0.09,-1.54,-2.1,41.6,11.191,1.4,0.8290000000000001,52.0,101.6,86.9,3.0,92.6,2.7,3.2,76.1299,186.0,0.4,178.0,7.3,-0.8,119.47,5.5,0.11,-3.1,105.4,-6.6,3.2,0.8490000000000001,0.8490000000000001,18.8,31.862,3.75,3.75,2.532,33.431,1.194,0.365,5.412000000000001,4.242,4.95,70.45,-2.6,394.0,2959.0,-0.7,0.61,-0.9,-1.0,-1.3,-3.3,-1.28,101.3,92.2,-0.9,-0.8,-1.1,-1.1,1.116,-10.5,-1.2,-7.8,7.6,-5.4,-11.7,-22.1,-2.1,-3.0,-1.9,758.995,-7.8,2.6,0.4,5.0,-7.8,-2.4,-2.1,124.65,0.8,-0.8,6.57,35.7,43.2,42.8,-238.0,-130.0,-2.3,1.9,-0.3,882.0,226.0,0.23,1.99139,66.7,482.5,14.1,17.15,8.02,-1.7,5.412000000000001,5.759,59.0,-146.0,4.5,19.06,246.75,7.93,10.105,-0.11,-4.74,11.5,28.4,0.86,3.6,10.4,-1.84,3.5,-1.1,82.03,2.51,-0.06,-2.97,8437.7,-0.21,-0.61,0.46,0.24,6.7,0.32,-2.53,0.78,73.2064,-3587.1
2001Q3,-0.046787320625401474,115.615,911.59,142.53,99.8292,126.957,1462.69,996.401,378.219,2820.74,1353.14,74.163,67.14,125.765,76.934,192.22,10635.7,1217.95,1071.28,253.95,76.6253,1905.41,2.97,944.683,435.07,1015.14,453.77,341.723,936.39,108.444,108.758,113.118,108.132,109.871,109.89,1191.78,1170.1,514.68,1040.94,95.24,629.46,251.4,877.988,81.117,101.29,354.05800000000005,80.92,1023.42,293.25,158.178,257.32,134.61,23.26,23.43,27.175,33.6,9.65,12.35,9.2,52.05,44.5,39.63,9.514,2.67,2334.6,3.4805,693.22,0.9114,119.56,10.66,13.65,-1.481,0.11,-1.55,-6.3,47.0,7.893,-0.1,2.139,50.0,94.6,73.5,2.8,81.8,2.6,2.6,74.7595,187.1,0.2,178.3,9.18,-3.0,113.41,6.8,-0.63,-9.0,97.8,-13.7,1.0,0.9114,0.9114,9.2,35.501,3.0,3.0,-3.123,18.000999999999994,1.415,0.509,4.588,2.8510000000000004,3.804,65.2,-5.6,517.0,3385.0,-0.2,0.57,-0.8,-0.8,-1.5,10.5,-2.34,96.1,87.4,-0.8,-0.8,-1.2,-1.2,1.18,-2.9,-2.0,-11.4,14.2,-8.5,-12.2,-33.2,-2.1,-2.8,-0.8,1043.02,-11.0,-7.9,-0.2,5.3,-1.8,-4.1,-2.5,119.56,20.5,-0.5,6.14,41.5,46.2,36.6,-265.0,-241.0,-3.1,-0.3,-1.5,853.0,60.0,-0.56,1.15021,66.8,451.25,13.19,16.09,7.77,-3.1,4.588,5.421,55.0,-115.0,5.0,31.93,270.75,7.97,8.019,-0.51,-4.67,9.5,29.91,-0.41,3.9,10.9,-2.3,6.5,1.7,81.97,0.87,0.06,-3.07,8681.3,-1.16,0.03,-0.13,0.93,6.4,0.76,-2.94,0.23,74.0561,-3341.8
2001Q4,-0.16059812832121878,116.776,918.62,151.56,105.459,131.547,1618.98,1092.39,417.378,2653.44,1502.0,95.975,69.99,252.049,97.385,229.06,13577.6,1176.45,1183.12,254.49,83.791,2069.1,2.1,999.987,467.151,1126.35,489.09,393.461,987.57,112.587,112.269,126.817,112.301,116.68,114.523,1202.03,1161.32,544.42,1148.08,107.1,651.39,317.4,878.565,99.365,149.25,409.354,92.63,1032.14,278.95,148.843,269.57,152.28,19.9,19.84,29.545,30.84,10.62,15.18,12.7,55.4,50.94,39.9,9.1575,2.3105,2277.5,3.4435,661.25,0.8895,131.66,12.42,14.43,-0.758,0.16,-0.56,-0.1,42.8,10.01,-0.3,2.112,44.0,99.0,82.3,1.8,88.8,2.7,1.6,73.6373,188.4,0.2,176.7,7.41,1.0,116.75,8.0,-0.83,-11.2,92.3,-14.2,-0.5,0.8895,0.8895,-8.1,26.567,1.75,1.75,-12.338,34.489000000000004,1.368,0.5479999999999999,5.051,3.026,4.302,65.9,-9.1,421.0,3474.0,0.3,0.51,-0.8,-0.9,-1.1,-2.7,0.0,94.0,86.7,-0.9,-1.2,-1.5,-1.0,1.148,-12.9,1.1,-14.7,16.9,-0.1,-11.4,-43.3,-5.2,-2.7,-2.6,659.442,-14.5,-13.4,0.0,5.4,-9.5,-7.6,-2.8,131.66,-17.9,-0.7,4.4,39.1,45.3,33.2,-201.0,-172.0,1.8,-2.1,6.0,979.0,129.0,0.02,1.72429,66.7,421.0,12.93,16.2,6.68,0.6,5.051,5.466,55.0,-114.0,5.7,23.8,289.0,7.65,6.919,-1.06,-4.95,8.5,30.92,1.07,2.6,8.6,-1.62,6.5,4.8,81.53,-0.13,-0.09,-2.33,8671.9,-0.78,-0.48,-0.13,0.14,5.36,0.24,0.51,-0.46,74.9041,-5769.8
2002Q1,0.1685448899834039,114.695,920.18,147.62,107.135,139.498,1623.43,1088.21,419.458,2693.31,1527.56,107.223,72.87,242.902,108.425,268.66,13254.5,1299.76,1163.6,255.28,84.4773,2076.16,1.68,1036.15,486.261,1134.96,518.0,383.284,1014.94,115.911,114.878,133.925,115.852,122.927,117.515,1197.56,1151.29,553.57,1147.39,108.69,666.01,351.43,887.82,107.418,164.23,398.219,93.53,1060.19,302.65,167.18200000000004,291.65,157.95,25.92,26.31,29.5,32.56,11.06,17.85,13.23,57.77,49.67,42.6,9.035,2.325,2273.0,3.4435,656.5,0.8717,132.73,14.13,15.4,-0.36,0.17,-0.13,-4.8,55.9,12.785,-0.8,1.334,50.0,100.4,92.7,2.7,95.7,2.4,1.5,74.3386,189.2,0.1,178.8,6.39,-0.4,118.62,7.3,-0.65,-8.4,97.7,-10.6,-0.5,0.8717,0.8717,2.9,-64.238,1.75,1.75,81.93,85.301,1.395,0.515,5.396,3.711,4.805,76.35,-5.6,479.0,3723.0,0.8,0.52,-0.7,-0.6,-1.0,0.0,-0.51,95.7,91.0,-0.7,-1.2,-1.2,-0.7,1.138,-6.2,0.8,-8.8,32.6,-4.4,-20.0,-28.8,-4.9,-2.5,-1.4,1257.86,-3.0,-12.4,0.4,5.3,-0.6,-8.7,-2.5,132.73,-1.9,-0.3,4.66,46.6,52.4,51.9,-62.0,-21.0,-5.4,-10.2,-2.6,923.0,191.0,0.12,1.47848,66.6,476.25,13.49,16.81,6.82,-0.2,5.396,5.795,62.0,-72.0,5.7,17.4,285.0,5.89,3.56,-0.81,-4.53,7.25,31.61,0.73,2.6,9.6,-0.96,4.75,3.9,81.51,-1.08,0.54,-1.88,8628.2,-2.97,-0.6,0.7,0.51,4.85,0.41,-5.24,0.74,75.5581,-3506.1
2002Q2,0.05599651811382556,115.285,941.53,128.9,96.9707,134.369,1405.94,1045.95,404.112,2869.98,1460.09,100.56,74.27,166.205,99.272,218.31,11139.2,1134.93,1031.96,263.06,76.8091,1886.69,1.58,944.895,444.841,980.3,492.89,311.712,916.23,117.646,116.455,135.382,118.187,124.976,118.955,1229.84,1203.29,518.06,989.81,90.85,641.69,319.75,918.369,84.63799999999998,130.03,323.996,78.09,1024.89,314.45,167.805,304.95,157.59,25.58,26.86,28.25,33.72,10.62,14.59,9.7,52.2,40.2,43.6,9.9465,2.8175,2404.25,3.5085,686.15,0.9915,119.47,13.77,18.7275,-0.956,0.68,0.4,-3.8,57.1,12.567,-0.8,2.919,47.0,99.5,87.9,2.7,92.4,2.3,1.1,75.4694,190.2,0.1,179.9,7.64,-2.4,106.11,7.1,-0.47,-7.9,98.2,-9.1,-0.9,0.9915,0.9915,2.0,29.071,1.75,1.75,89.665,52.024,1.32,0.414,4.799,2.815,4.034,76.75,-3.6,386.0,3588.0,1.1,0.53,-0.8,-0.7,-1.0,-4.8,-0.88,98.5,94.1,-0.8,-0.7,-0.9,-1.0,1.126,0.3,-1.1,-2.4,27.6,6.7,-8.0,-17.1,-3.1,-1.9,-0.5,1220.93,7.0,-5.0,-0.8,5.5,-1.5,-8.9,-2.1,119.47,0.4,0.2,4.94,48.3,53.6,65.5,21.0,56.0,2.4,-2.7,-2.1,957.0,164.0,0.15,1.63034,66.6,536.5,13.14,16.64,8.0,-1.5,4.7965,5.5076,61.0,-39.0,5.8,25.4,307.0,6.25,2.948,-0.86,-5.32,5.25,33.4,0.85,2.0,10.3,-0.7,4.0,6.1,82.03,0.0,-0.23,-1.83,8946.4,1.12,0.85,-0.21,0.49,4.34,0.13,-0.67,-0.24,75.36,-2611.1
2002Q3,-0.32987700383956264,121.02,963.87,123.41,89.7271,134.725,1163.04,801.822,313.725,2524.17,1205.81,84.514,64.54,142.69799999999995,83.038,185.6,8622.54,1150.07,927.39,274.05,62.7502,1539.93,1.51,806.94,361.334,811.98,438.52,264.809,789.7,119.863,118.82,135.839,121.359,127.169,121.765,1281.86,1292.36,502.87,815.28,69.71,571.48,266.11,943.713,63.927,120.47,273.084,61.31,921.05,323.55,180.005,277.6,119.84,28.75,30.45,22.05,29.32,8.6,12.29,5.79,42.32,34.28,39.075,10.2065,3.7395,2870.0,3.6313,749.25,0.9866,121.81,11.77,27.0,-2.547,1.13,-0.42,-5.7,51.5,3.151,-0.7,2.117,42.0,95.8,79.9,2.5,86.1,2.2,1.5,75.3321,191.3,0.1,181.0,10.01,-0.2,106.87,7.2,-0.51,-9.8,97.0,-8.9,0.1,0.9866,0.9866,-2.8,42.38800000000001,1.75,1.75,46.459,41.967,1.186,0.344,3.596,1.6869999999999998,2.562,66.6,-0.4,409.0,3555.0,0.1,0.55,-0.8,-0.7,-0.9,-15.2,0.97,100.9,93.6,-0.9,-0.7,-0.8,-0.9,1.121,-5.1,0.7,5.2,21.4,10.5,-1.8,-1.8,-2.3,-1.9,-0.5,1051.04,6.9,8.9,-0.7,5.4,11.0,4.5,-2.0,121.81,8.6,0.7,4.95,45.8,50.5,62.5,-17.0,-60.0,6.4,10.5,3.0,1044.0,71.0,0.16,2.41806,66.7,545.75,13.08,16.32,8.68,-2.1,3.5942,4.6682,63.0,-52.0,5.7,39.69,396.5,5.97,6.757999999999999,-1.17,-5.59,5.25,34.72,1.0,2.3,10.6,-1.02,3.0,5.3,82.53,0.68,0.47,-1.82,9597.5,0.25,0.68,-0.18,0.6,4.22,0.66,-0.63,-0.18,75.7154,-2929.8
2002Q4,0.014388838534248329,124.99,982.42,136.42,96.1386,149.912,1261.18,893.937,347.2519999999999,2380.63,1303.96,87.82799999999997,63.14,166.097,91.375,198.56,11268.5,1391.97,1000.0,279.52,67.6052,1657.64,1.34,846.914,394.634,887.2,429.68,283.748,828.83,123.741,121.689,145.031,126.104,135.94899999999998,125.219,1323.64,1298.28,536.76,879.82,72.6,525.17,292.09,956.374,77.00399999999998,130.8,291.838,62.76,843.29,348.05,187.401,279.36,135.41,28.66,31.2,23.74,27.8,9.44,12.45,7.98,45.86,36.36,38.65,10.37,3.54,2867.0,3.5145,720.25,1.0492,118.79,13.75,27.4,-1.705,2.61,-1.0,-1.8,53.3,6.933,-0.4,3.157,39.0,96.0,80.8,2.5,86.7,1.9,2.4,75.1658,192.1,0.1,180.9,8.26,-0.9,101.85,7.0,-0.32,-17.4,92.3,-10.0,1.5,1.0492,1.0492,-6.0,4.7189999999999985,1.25,1.25,62.662,38.041,0.909,0.303,3.816,1.602,2.736,70.25,4.2,409.0,3462.0,-0.5,0.57,-0.6,-0.5,-0.8,-9.3,0.19,101.0,93.3,-0.7,-0.3,-0.3,-0.7,1.109,-3.4,-0.1,6.9,19.5,0.8,-4.4,30.2,-2.2,-1.9,-4.2,794.25,15.3,14.3,-1.0,5.4,12.9,1.4,-1.3,118.79,4.7,0.6,5.7,47.5,51.6,56.9,-165.0,-158.0,7.1,2.0,2.3,1048.0,48.0,0.08,1.7276599999999998,66.3,569.5,14.47,17.62,9.56,-1.8,3.816,4.7780000000000005,63.0,-80.0,6.0,28.62,325.0,6.99,9.286,-1.37,-4.54,5.25,32.3,1.53,2.8,8.7,-0.96,3.0,4.8,82.76,1.52,-0.03,-2.01,9339.0,1.42,0.31,0.47,0.44,4.12,0.21,0.29,0.14,76.452,-4268.6
2003Q1,0.009493721379222107,128.11,996.54,151.13,100.732,158.255,1221.46,809.443,316.392,2193.53,1368.57,80.859,58.9,144.778,85.891,186.8,11273.6,1558.9,1009.13,284.54,64.1601,1573.78,1.69,807.297,375.437,845.66,422.99,280.721,803.79,126.491,124.212,148.687,129.02700000000002,139.181,127.685,1357.1,1311.12,577.62,848.18,62.93,481.15,272.27,965.344,77.141,120.66,287.341,54.77,788.0,337.45,192.877,280.14,127.86,27.18,31.04,21.465,25.84,9.76,11.64,8.35,43.4,35.85,38.325,10.77,3.3525,2958.0,3.4742,733.25,1.0915,118.09,16.73,28.9,-1.571,0.63,-0.49,6.2,49.8,7.802,0.9,-0.458,37.0,90.0,69.6,3.1,77.6,1.7,3.0,75.7567,192.5,0.0,184.2,6.84,-0.8,98.88,8.3,-0.58,-20.7,90.5,-11.0,2.4,1.0915,1.0915,-8.3,-58.877,1.25,1.25,34.396,66.212,0.7090000000000001,0.25,3.798,1.486,2.712,71.45,6.8,436.0,3536.0,0.1,0.6,-0.5,-0.6,-0.6,-11.5,0.58,102.8,93.9,-0.6,-0.1,-0.3,-0.7,1.122,-1.9,0.6,4.5,10.9,9.0,9.8,26.4,0.4,-1.8,-2.7,960.44,0.7,9.4,0.9,5.4,-1.1,9.1,-0.8,118.09,-17.0,0.1,5.64,42.2,46.3,70.0,-195.0,-209.0,-5.2,6.0,6.7,999.0,35.0,0.13,1.65062,66.3,574.5,12.84,16.28,9.65,0.5,3.796,4.8154,56.0,-60.0,5.9,29.15,286.75,7.6,11.476,-1.82,-4.97,6.25,30.37,0.96,4.5,9.2,-0.94,2.75,5.7,84.27,3.39,1.12,-2.26,10098.2,3.12,0.27,-0.63,0.63,3.84,0.41,5.8,-0.81,76.605,-1834.0
2003Q2,0.20587026616931148,134.82,1017.5,168.31,108.291,175.335,1409.48,991.1,387.893,2450.16,1621.15,96.277,66.93,206.109,105.897,229.22,12972.6,1824.88,1228.12,293.33,75.2455,1841.9,1.15,908.062,440.289,959.8,477.71,320.883,894.36,131.009,127.329,162.80700000000004,131.245,146.33700000000005,131.52700000000002,1425.78,1346.91,635.99,974.5,72.07,543.82,332.68,971.566,95.665,153.77,329.3540000000001,60.77,903.44,346.4,197.865,316.66,157.72,28.33,30.19,26.39,29.08,11.8,14.46,10.61,50.57,41.05,42.3,10.457,2.844,2817.0,3.4675,700.9,1.1512,119.8,23.13,27.0,-0.84,-0.47,0.0,-1.7,55.0,5.766,0.3,2.14,40.0,94.7,86.4,2.1,89.7,1.5,2.1,75.456,193.0,0.1,183.7,5.32,1.4,94.73,8.6,-0.82,-17.5,93.2,-12.4,1.3,1.1512,1.1512,-1.6,21.23,1.0,1.0,29.732,65.933,0.846,0.355,3.515,1.304,2.411,74.8,2.2,429.0,3737.0,0.5,0.62,-0.3,-0.4,-0.5,-15.7,-0.19,102.9,95.5,-0.4,-0.4,-0.3,-0.4,1.284,13.4,-0.8,2.8,20.3,1.3,9.8,21.5,-0.1,-2.0,-2.9,837.7710000000002,0.0,11.9,-0.1,5.4,3.9,2.6,-1.3,119.8,5.2,-0.3,4.27,45.6,49.0,56.5,-29.0,10.0,2.2,6.6,10.7,1193.0,113.0,0.04,1.31708,66.5,621.25,13.2,16.71,8.91,1.7,3.5133,4.5566,63.0,-64.0,6.3,19.52,301.75,7.21,10.943,-1.54,-3.93,7.25,32.91,0.51,3.6,10.1,-1.2,2.75,4.2,83.81,2.17,-0.47,-1.98,9651.0,0.54,0.2,0.79,0.08,3.89,0.11,1.77,0.59,77.1932,-1032.2
2003Q3,0.09871154627554304,133.69,1024.18,173.38,109.355,180.011,1446.77,1027.64,405.526,2985.37,1740.1,113.271,78.8,261.964,120.883,239.79,16010.7,1980.83,1430.49,293.56,79.1678,1931.01,1.03,916.073,449.38,983.08,494.12,333.439,902.69,133.417,129.187,167.47099999999998,134.263,150.717,133.692,1424.43,1334.45,653.62,995.97,73.45,614.36,377.63,976.653,107.885,178.41,342.925,61.15,1018.8,385.35,207.08900000000003,346.46,169.28,27.61,29.2,27.135,35.04,12.41,15.42,12.69,51.41,42.62,45.705,10.986,2.9,2900.8,3.4829,660.95,1.1657,111.5,26.29,28.175,-0.735,0.69,0.42,3.0,53.6,7.966,1.1,0.28800000000000003,40.0,98.4,80.8,2.8,87.7,1.2,2.3,76.1719,193.7,0.1,185.2,4.49,1.0,92.85,7.6,-0.6,-16.5,97.1,-8.6,1.0,1.1657,1.1657,4.4,23.402,1.0,1.0,-13.925999999999998,19.742,1.394,0.669,3.939,1.462,2.827,81.85,0.7,387.0,3558.0,0.8,0.67,-0.1,-0.2,-0.4,-11.8,3.08,105.9,98.8,-0.1,-0.2,-0.4,-0.3,1.134,1.2,2.9,2.8,20.9,-0.8,-1.1,22.1,0.3,-1.5,-5.5,1097.76,9.2,10.7,0.7,5.2,1.6,4.2,-0.6,111.5,1.1,0.4,4.04,46.5,52.4,56.0,156.0,104.0,-0.3,5.8,-6.2,1131.0,88.0,0.12,1.24594,66.1,677.25,13.63,16.97,9.24,1.4,3.9376,4.8823,67.0,-29.0,6.1,22.72,360.25,7.11,6.865,-1.12,-3.61,7.25,33.26,0.98,2.2,10.4,-0.61,2.75,3.0,84.16,1.98,0.56,-1.91,9348.0,0.5,-0.01,0.22,0.6,3.73,0.48,0.69,0.01,77.9964,-432.1
2003Q4,0.15173458675319718,134.09,1028.29,182.91,114.963,188.811,1622.94,1234.97,487.018,3235.41,2015.86,128.716,87.18,367.467,142.377,263.72,22236.4,2435.04,1484.8,295.79,90.5816,2206.42,0.98,1016.13,513.145,1098.16,542.13,368.161,993.04,135.159,130.79399999999998,167.72799999999995,136.74200000000002,156.668,135.265,1432.74,1327.38,692.26,1111.92,81.42,638.37,442.78,985.717,133.614,187.58,378.11800000000005,66.95,1043.69,415.45,232.249,382.43,202.64,30.17,32.52,32.075,38.56,14.25,17.08,17.0,58.37,46.8,49.635,11.2285,2.8915,2780.0,3.4618,592.75,1.2595,107.22,40.77,29.315,-0.113,0.27,-0.03,2.1,61.4,10.961,3.2,5.725,45.0,97.0,89.8,2.6,92.6,1.1,1.9,76.8491,194.2,0.1,184.3,3.15,-0.3,86.92,7.2,-0.21,-16.4,98.6,-7.2,0.9,1.2595,1.2595,8.8,-17.64,1.0,1.0,73.205,75.141,1.37,0.606,4.248,1.823,3.249,104.55,2.4,349.0,3258.0,-0.2,0.75,-0.3,-0.1,-0.3,9.1,0.56,109.2,100.2,0.0,-0.4,-0.4,-0.1,1.21,9.4,-0.1,5.2,13.2,0.8,16.1,20.9,1.7,-1.4,-4.0,1122.07,8.5,1.7,0.3,4.9,-0.7,-1.9,-0.2,107.22,-9.0,0.2,3.98,54.1,60.1,66.0,112.0,123.0,3.6,-1.2,3.3,1129.0,412.0,0.14,1.41467,65.9,789.0,14.24,17.03,9.82,0.4,4.2455,5.0727,69.0,-16.0,5.7,18.31,377.0,6.49,5.718,-0.99,-4.09,7.25,31.52,1.42,1.1,8.5,-0.98,2.25,3.2,84.82,2.48,0.56,-1.57,9776.8,1.69,1.04,1.17,0.43,3.87,0.29,3.7,1.41,78.8861,-2248.7
2004Q1,0.15404534766891453,139.01,1042.63,185.57,116.609,195.971,1650.42,1246.48,494.252,3725.26,2070.79,138.624,97.09,410.364,156.032,316.21,22142.3,3035.72,1458.9,303.69,93.2434,2264.24,0.99,1047.69,528.691,1100.66,560.73,371.05300000000005,1020.27,137.89700000000002,132.811,172.92700000000005,138.428,161.944,137.476,1479.63,1368.0,708.48,1126.21,83.81,710.34,482.06,1004.99,143.113,232.9,381.566,69.18,1179.23,426.45,259.577,429.0,220.24,31.51,35.76,32.51,43.48,14.59,20.76,16.8,59.91,47.1,54.725,11.1251,2.8953,2679.55,3.4595,612.4,1.2316,104.23,32.9,29.775,-0.005,0.66,0.59,8.2,57.6,14.38,3.0,-0.54,41.0,106.8,88.8,2.9,95.8,1.6,1.7,77.1592,195.5,0.3,187.4,3.38,6.5,87.61,6.3,-0.22,-14.0,99.1,-5.8,0.4,1.2316,1.2316,5.2,-72.913,1.0,1.0,40.837,70.124,1.45,0.63,3.837,1.5759999999999998,2.779,136.0,1.1,340.0,3007.0,-0.2,0.77,-0.4,-0.1,-0.3,-13.6,-0.46,110.1,103.8,-0.1,-0.1,-0.1,-0.1,1.217,6.9,-0.5,7.1,11.9,-8.0,-0.7,36.1,0.6,-1.1,-4.7,1118.58,13.2,12.4,-0.1,4.8,9.1,-0.8,0.2,104.23,-2.1,0.8,4.23,57.0,60.6,86.0,293.0,331.0,5.1,8.2,10.1,1276.0,242.0,0.18,1.80372,66.0,995.0,13.53,16.89,11.43,4.4,3.8348,4.7716,66.0,8.0,5.8,16.74,408.0,6.21,4.577,-0.94,-4.13,6.75,29.02,2.05,-0.8,9.2,0.45,1.75,4.3,86.6,2.76,0.46,-0.83,9951.0,3.51,1.26,1.22,0.34,3.72,0.37,6.69,1.54,79.5084,-1332.2
2004Q2,-0.06491944531705797,133.08,1030.63,183.69,116.081,184.562,1678.83,1268.33,504.066,3582.66,2031.0,125.461,91.6,328.505,140.996,302.4,21148.9,2885.9,1482.98,296.29,93.5758,2284.02,1.04,1056.44,533.341,1125.24,566.31,378.24300000000005,1037.54,138.007,134.565,165.34799999999996,138.18,156.813,139.046,1429.02,1324.75,701.66,1140.84,85.46,715.8,432.2,992.673,131.53,203.81,387.446,69.76,1189.6,394.25,248.545,401.52,212.27,34.5,37.05,33.26,42.48,14.37,19.49,14.71,60.06,47.85,50.515,11.4865,3.085,2693.2,3.4685,636.0,1.22,108.77,28.8,29.675,0.009000000000000001,0.66,-0.42,1.7,60.4,7.15,5.0,1.844,45.0,106.7,88.5,3.3,95.6,1.9,3.3,77.5044,196.6,0.2,189.7,3.42,-0.2,88.8,5.4,0.22,-13.4,101.7,-2.8,2.5,1.22,1.22,8.5,19.124,1.25,1.25,183.516,80.97,1.786,0.835,4.583,2.681,3.768,120.5,5.7,348.0,2917.0,-0.7,0.82,-0.7,-0.2,-0.4,2.0,0.36,112.3,104.7,-0.1,0.0,-0.1,-0.1,1.19,-7.385,0.3,8.1,4.4,-2.4,13.2,53.2,-0.9,-0.8,-4.9,1140.57,19.4,15.5,0.6,4.7,6.9,-5.7,1.5,108.77,-4.4,1.0,4.37,59.4,60.5,81.0,90.0,77.0,-6.0,-7.7,-4.9,1180.0,173.0,0.16,2.12646,66.1,893.0,12.53,15.79,12.98,1.0,4.5806,5.2876,68.0,-10.0,5.6,14.34,338.0,6.07,5.872999999999998,-1.04,-3.53,6.75,28.47,1.52,1.1,10.9,1.63,1.75,3.3,87.37,4.26,0.56,-0.82,10440.7,4.17,1.7,-0.15,0.16,3.83,0.27,4.75,0.14,79.3267,587.0
2004Q3,0.054731143575665664,139.76,1044.75,194.96,121.92,201.46400000000003,1647.48,1284.2,510.489,3315.05,2186.74,133.734,89.17,397.832,152.472,319.11,23245.2,3278.8,1707.02,306.56,93.0252,2261.14,1.13,1064.53,541.573,1101.42,571.98,358.475,1023.76,141.26,137.067,170.21400000000003,142.41299999999995,164.11,141.667,1490.32,1368.53,735.68,1114.58,84.32,667.01,464.15,1019.89,154.007,222.31,366.059,68.04,1102.11,418.25,265.328,435.45,224.63,46.38,49.64,33.345,38.8,15.46,20.45,18.54,60.56,45.2,53.98,11.382,2.8608,2618.9,3.3393,610.75,1.2436,110.05,29.89,27.535,0.162,0.35,0.13,8.5,62.7,16.713,5.2,4.992,45.0,103.7,88.0,2.8,94.2,2.0,2.5,78.2055,197.5,0.3,189.9,3.24,1.7,87.37,5.9,0.36,-13.0,102.6,-1.9,3.5,1.2436,1.2436,9.9,24.611,1.75,1.75,11.685,37.273,1.449,0.632,4.121,2.609,3.373,139.6,8.2,351.0,2839.0,0.0,0.86,-0.7,-0.3,-0.3,-5.4,0.27,112.8,106.0,0.0,0.0,-0.2,-0.1,1.25,10.076,0.2,4.5,4.7,3.7,5.8,54.8,0.7,-0.9,-3.4,1213.23,12.1,12.5,0.2,4.6,3.5,-3.1,1.9,110.05,4.9,0.0,5.06,58.0,57.4,76.0,153.0,162.0,-0.7,-5.9,3.3,1214.0,197.0,0.19,2.02868,65.8,527.0,14.13,17.47,13.15,1.4,4.1194,4.8919,67.0,-14.0,5.4,13.34,306.75,5.97,5.52,-0.93,-3.59,6.75,32.0,3.39,1.4,11.1,2.25,2.0,4.3,87.55,4.03,0.02,-0.18,10740.5,3.73,-0.14,0.07,0.83,3.89,0.57,4.29,0.63,79.1614,-816.3
2004Q4,0.15798478395398807,141.8,1046.9,203.49,126.617,211.072,1799.55,1490.87,593.065,3748.68,2463.47,151.04399999999995,101.39,505.261,178.759,391.15,26196.2,3710.39,1796.48,310.49,104.381,2531.23,1.3,1163.58,597.781,1193.37,633.52,391.355,1092.55,144.935,139.94899999999998,176.479,145.954,169.185,144.537,1509.94,1374.34,769.3,1211.92,89.04,700.24,542.17,1033.13,186.311,235.92,400.412,71.2,1149.63,438.45,253.495,501.81,263.94,40.46,43.45,37.625,43.68,17.29,25.16,22.24,66.37,49.15,61.6,11.147,2.656,2354.75,3.279,555.75,1.3554,102.63,32.72,26.4,0.407,0.62,0.96,2.4,61.2,8.5,2.4,11.076,47.0,106.7,90.9,3.0,97.1,2.2,3.3,79.5864,198.6,0.2,190.3,2.54,2.3,80.85,6.6,0.32,-14.0,101.2,-3.1,3.8,1.3554,1.3554,7.7,-2.5610000000000004,2.25,2.25,82.406,61.47,1.4409999999999998,0.61,4.22,3.069,3.609,145.25,6.7,356.0,2672.0,0.7,0.92,-0.7,-0.5,-0.4,18.5,-2.16,112.7,106.9,-0.2,0.2,0.0,-0.4,1.192,-1.961,-1.3,1.7,4.2,-10.7,3.7,50.9,-0.5,-0.9,-4.2,1133.21,8.8,11.1,0.3,4.5,-3.3,2.6,1.9,102.63,-10.6,0.2,5.19,53.8,57.2,72.0,128.0,129.0,0.1,14.6,5.3,1242.0,265.0,0.12,2.1474,65.9,547.75,14.07,17.67,13.64,0.1,4.2182,4.8261,71.0,-20.0,5.4,13.29,307.5,5.5,4.638,-0.65,-3.73,6.5,31.4,1.65,2.4,8.9,2.65,2.25,8.0,87.77,3.48,-0.01,0.09,12176.4,4.26,1.23,-0.31,0.21,3.92,0.28,2.47,-0.44,79.5591,-4022.3
2005Q1,0.14362170318443312,139.656,1043.2,199.42,124.056,208.669,1760.89,1486.08,597.554,3659.74,2551.84,153.15,99.92,511.219,181.972,381.94,26610.7,4159.85,1961.69,308.73,103.378,2503.07,1.38,1156.1,598.306,1185.81,651.29,375.364,1077.7,146.89600000000004,142.605,174.407,146.313,171.122,147.061,1492.85,1368.6,756.93,1180.59,92.99,709.43,548.69,1031.08,190.495,258.24,382.114,74.04,1182.18,428.35,284.012,463.99,274.01,54.29,55.4,37.7,41.96,17.85,24.13,22.78,65.81,46.87,56.1,11.1703,2.679,2374.0,3.2605,586.1,1.2964,107.15,30.16,25.525,0.331,0.4,-0.37,-1.4,65.3,8.64,2.7,5.733,44.0,108.0,82.8,3.2,92.6,2.3,3.1,80.1794,200.1,0.4,193.3,3.24,-1.6,84.06,6.4,-0.02,-14.1,98.8,-6.6,4.4,1.2964,1.2964,6.4,-71.72399999999998,2.75,2.75,84.235,43.45399999999999,1.33,0.544,4.4830000000000005,3.779,4.167,150.25,7.6,342.0,2683.0,-0.5,0.93,-0.6,-0.6,-0.5,-19.0,0.27,113.2,107.0,-0.3,-0.2,-0.4,-0.5,1.193,-2.676,0.4,1.5,2.0,4.9,15.0,17.1,-0.2,-0.8,-4.5,1110.6,6.1,7.9,0.4,4.5,3.0,-1.2,1.4,107.15,2.4,0.6,4.39,52.5,55.2,73.0,139.0,135.0,-2.5,-15.5,0.7,1328.0,47.0,0.23,2.24261,65.9,627.5,13.61,16.97,14.22,-2.0,4.4815,4.7548,70.0,-4.0,5.2,14.02,331.0,5.03,4.9289999999999985,-0.57,-3.83,6.5,31.5,-0.44,2.4,9.1,1.76,2.75,6.1,88.22,1.88,0.65,0.41,13115.9,0.77,0.18,-0.36,0.45,3.77,0.29,-2.07,0.08,79.7725,-3817.7
2005Q2,0.006239735017420367,145.266,1057.44,207.08,126.858,221.257,1784.99,1474.91,593.435,3529.58,2615.19,159.75,99.1,557.3530000000002,189.477,430.64,25051.2,4038.07,2056.84,318.29,104.026,2513.59,1.47,1188.94,608.323,1202.1,674.03,384.608,1083.58,151.852,146.238,184.108,146.313,171.78,150.82,1545.57,1418.31,777.83,1191.33,97.7,708.43,565.17,1055.35,207.475,284.48,390.849,78.18,1177.2,435.5,269.832,529.91,283.83,55.58,56.5,37.25,40.56,18.15,27.08,24.82,66.64,48.0,63.6,10.749,2.3325,2327.25,3.2535,577.75,1.2108,110.92,28.4,24.635,0.418,-0.3,0.45,2.9,57.1,15.162,1.6,9.678,44.0,113.2,85.0,3.2,96.0,2.0,2.5,80.4325,200.6,0.0,194.5,3.81,2.8,89.09,7.5,-0.22,-14.4,98.6,-8.3,4.1,1.2108,1.2108,8.5,22.473000000000006,3.25,3.25,-21.109,74.973,1.1740000000000002,0.41,3.915,3.637,3.7,155.35,7.4,311.0,2569.0,0.1,0.95,-0.4,-0.5,-0.4,20.9,0.54,114.4,106.9,-0.2,-0.5,-0.7,-0.4,1.217,2.441,0.3,1.0,1.7,-1.1,3.0,10.8,2.8,-0.8,-1.9,858.323,3.6,11.4,1.1,4.3,1.7,8.6,1.4,110.92,-1.1,0.0,4.33,51.1,52.4,50.5,263.0,245.0,4.5,2.1,-0.9,1274.0,171.0,0.06,2.03825,66.1,651.75,14.55,18.0,14.28,1.3,3.913,4.1911,72.0,-29.0,5.0,12.04,321.5,4.83,2.741,-0.56,-3.85,6.5,31.57,1.68,2.7,10.1,1.57,3.25,6.8,88.67,1.49,0.26,0.79,13379.7,2.71,0.29,-1.62,-0.1,3.56,0.24,1.83,-1.82,80.0572,-679.9
2005Q3,0.18983520798759804,142.68,1059.8,208.45,127.281,229.677,1849.33,1590.94,641.081,4206.7,3096.08,174.007,113.19,695.133,223.495,525.62,31583.8,5070.83,2152.82,316.89,111.963,2689.08,1.66,1214.08,631.951,1230.5,742.94,400.044,1099.64,157.126,150.07399999999996,193.591,146.313,178.69400000000005,154.762,1528.65,1402.44,785.03,1228.81,105.25,859.82,661.32,1053.87,270.118,381.85,406.309,84.07,1412.28,469.3,317.316,540.85,315.08,63.48,66.24,40.275,48.76,21.57,32.76,33.32,68.84,49.83,64.27,10.759,2.2275,2287.4,3.34,529.75,1.2026,113.51,25.96,24.075,0.391,-0.56,-0.87,-2.7,58.0,4.588,0.9,7.562,39.0,98.1,63.3,4.3,76.9,2.0,4.7,78.5853,201.3,0.1,198.8,3.61,0.8,89.52,8.3,0.04,-14.2,100.6,-5.5,4.4,1.2026,1.2026,9.8,35.234,3.75,3.75,78.527,84.307,1.484,0.78,4.3260000000000005,4.169,4.19,172.75,9.9,384.0,2841.0,-1.0,0.96,-0.3,-0.3,-0.4,14.8,0.9,114.0,107.8,-0.1,-0.3,-0.6,-0.4,1.244,-0.18,0.9,0.7,1.7,-0.8,6.5,3.6,-0.1,-0.6,-2.8,948.595,8.8,17.6,0.3,4.2,1.0,-0.1,1.8,113.51,-1.1,0.6,3.51,53.4,56.8,78.0,85.0,67.0,2.0,2.7,-0.9,1244.0,200.0,0.21,2.11736,66.1,573.25,13.01,16.47,14.51,0.7,4.324,4.5668,65.0,-28.0,5.0,11.92,346.25,5.02,2.201,-1.21,-3.97,6.0,32.74,2.32,3.9,9.8,1.18,4.0,6.9,88.52,1.11,-0.09,0.99,13208.5,2.56,0.92,0.08,0.4,3.35,0.48,2.32,-0.02,81.2615,-679.2
2005Q4,0.1359112407016254,142.99,1066.69,209.86,129.215,233.793,1887.94,1630.95,654.332,4705.31,3160.78,185.317,122.72,819.5139999999999,239.535,583.25,33455.9,4802.25,1964.47,318.92,115.691,2771.33,1.85,1240.65,639.947,1258.1,755.86,411.952,1123.67,161.341,153.615,200.465,146.313,182.313,158.447,1535.25,1412.71,790.35,1248.29,109.31,1000.95,706.48,1061.27,279.47,402.45,416.731,86.36,1649.76,517.0,307.65,550.16,312.97,58.98,61.04,40.385,54.08,21.9,35.71,33.37,69.03,51.01,64.15,10.635,2.3355,2286.5,3.4205,512.0,1.1849,117.75,23.18,24.05,0.441,0.06,0.44,0.7,60.3,7.267,1.6,11.015999999999998,45.0,109.1,80.2,3.1,91.5,2.2,3.4,80.5528,202.8,0.1,196.8,3.86,-0.3,91.17,7.3,0.3,-11.5,102.8,-3.6,4.5,1.1849,1.1849,12.6,10.967,4.25,4.25,67.01100000000001,52.38,1.48,0.86,4.393,4.404,4.351,204.2,8.0,302.0,2660.0,0.2,1.01,0.0,-0.2,-0.3,-6.4,0.09,116.7,110.5,0.1,-0.1,-0.5,-0.2,1.176,-0.928,0.2,3.5,1.0,1.8,14.8,10.2,1.1,-0.7,0.6,908.309,17.5,27.4,0.5,4.4,11.8,-9.7,2.3,117.75,-1.5,1.0,3.33,53.7,55.1,63.0,137.0,157.0,-4.4,-7.1,2.1,1239.0,40.0,0.11,2.19964,66.0,602.0,13.1,16.73,13.51,0.0,4.3911,4.5348,57.0,6.0,4.9,12.07,339.25,4.85,2.0780000000000003,-1.3,-4.19,6.0,31.24,1.66,3.7,7.9,1.55,4.5,7.4,89.08,1.49,0.42,1.55,13599.4,3.13,1.58,0.63,0.61,3.27,0.28,4.97,1.09,82.0306,-2530.2
2006Q1,0.2705466819603541,140.92,1071.83,215.03,131.44799999999998,237.722,1967.38,1801.9,730.112,5024.24,3426.15,202.475,130.95,884.043,268.317,624.57,37952.0,5920.5,2181.96,317.81,123.757,2954.33,2.04,1282.1,677.921,1296.51,789.2,424.698,1161.59,164.452,156.74,203.722,146.313,188.733,161.70600000000005,1517.25,1395.33,813.16,1294.83,117.35,1063.03,787.8,1059.77,323.106,453.48,432.495,92.3,1728.16,583.65,300.257,633.82,349.26,65.91,66.63,44.425,57.6,23.63,38.34,39.95,73.11,52.74,73.5,10.874,2.164,2290.85,3.3688,526.35,1.2118,117.78,28.47,24.3,0.804,-0.09,0.31,4.1,59.3,10.831,0.8,11.189,47.0,109.1,76.0,3.0,88.9,2.1,3.4,80.4889,204.3,0.3,199.8,3.28,1.7,89.73,8.3,0.72,-11.4,105.4,0.6,5.3,1.2118,1.2118,12.9,-85.281,4.75,4.75,97.406,75.041,1.78,1.31,4.849,4.82,4.812,246.3,4.5,291.0,2405.0,-0.1,1.05,-0.5,-0.6,-0.3,13.4,0.53,117.5,110.4,0.1,-0.2,-0.4,-0.1,1.24,3.887,0.5,2.3,-1.0,1.3,-2.3,5.2,1.0,-0.9,-0.3,939.162,18.0,25.9,0.1,4.1,5.4,-1.7,2.0,117.78,7.2,1.0,3.41,53.8,54.3,66.5,257.0,282.0,-1.1,-7.1,5.2,1116.0,158.0,0.25,2.07061,66.2,571.5,13.1,16.46,11.04,2.3,4.8472,4.8898,54.0,5.0,4.7,11.39,347.75,4.11,1.45,-1.34,-3.89,6.0,29.42,1.07,4.0,8.4,1.74,4.75,7.3,90.43,2.5,0.46,1.07,13892.0,5.64,1.76,-0.14,0.13,3.16,0.4,8.54,1.39,82.848,-1506.7
2006Q2,0.05864105470381209,140.12,1079.54,215.21,130.43200000000002,232.012,1939.03,1847.69,748.6239999999998,4795.06,3440.43,199.242,126.87,632.055,256.677,600.8,36630.7,8155.8,2126.02,317.46,122.782,2939.19,2.03,1276.37,681.923,1263.09,772.44,408.128,1152.35,166.525,159.66299999999995,206.311,146.313,188.402,164.702,1511.29,1394.47,815.19,1270.2,112.41,982.1,747.54,1060.03,313.053,412.0,413.033,88.88,1586.96,615.85,318.652,625.83,350.57,73.51,73.93,45.675,54.56,23.75,37.15,39.12,73.12,50.58,71.25,11.3463,2.165,2573.8,3.2625,538.85,1.2791,114.44,28.85,23.75,0.637,0.27,0.03,-1.0,57.0,7.352,1.5,14.503,45.0,105.0,72.0,3.3,84.9,2.6,4.3,80.6795,205.9,0.2,202.9,3.44,0.9,85.16,8.4,1.23,-8.9,108.6,4.4,5.8,1.2791,1.2791,16.7,20.517,5.25,5.25,3.36,83.521,1.93,1.42,5.138,5.154,5.0939999999999985,346.25,7.4,316.0,2399.0,0.4,1.07,-0.4,-0.4,-0.3,-24.6,1.86,118.7,110.4,0.2,0.5,0.3,0.0,1.273,4.714,1.3,4.3,-16.2,2.6,21.6,11.0,0.1,-0.3,-1.2,799.74,14.5,18.4,0.3,4.2,7.2,-6.5,2.5,114.44,5.9,0.9,3.18,49.9,52.0,76.5,83.0,79.0,-2.0,-7.2,-1.1,1074.0,91.0,0.25,2.45641,66.2,594.75,12.62,16.4,7.29,0.9,5.1364,5.1859,42.0,10.0,4.6,13.08,371.5,3.94,4.771,-1.63,-3.68,6.5,31.54,1.46,3.9,8.9,3.23,5.0,6.2,90.29,1.83,-0.13,1.49,13827.9,4.22,0.99,-1.02,0.09,3.32,0.3,5.51,-0.19,83.4253,-26.8
2006Q3,-0.0856906720763364,146.86,1103.76,224.3,134.69899999999998,247.444,2048.89,1958.7,791.071,4760.73,3479.69,213.58900000000003,128.48,692.3710000000002,269.154,697.05,36449.4,10390.3,2280.48,329.82,128.303,3070.48,2.11,1344.3,724.3439999999998,1326.49,756.16,424.19,1210.26,171.607,162.60299999999995,214.027,149.33,194.545,167.715,1579.83,1445.76,848.38,1335.85,119.3,1002.7,778.16,1098.65,328.006,432.98,426.064,92.86,1610.73,598.3,297.94,677.67,390.6,62.48,62.91,48.295,54.16,24.0,43.21,38.47,77.07,52.12,77.15,10.985,2.169,2398.13,3.2505,535.03,1.2674,118.18,29.07,23.86,0.732,0.21,-0.09,4.4,58.7,11.081,1.5,15.287,44.0,96.6,78.2,3.1,85.4,2.9,2.1,80.3359,207.2,0.2,202.9,3.54,2.4,86.03,8.3,1.26,-8.1,109.9,5.6,4.5,1.2674,1.2674,15.9,56.167,5.25,5.25,81.837,81.705,1.675,1.139,4.63,4.687,4.579,346.05,1.6,309.0,2437.0,0.1,1.07,-0.5,-0.3,-0.3,-0.7,-1.04,118.8,110.1,0.2,0.6,0.5,0.0,1.298,4.03,0.0,4.6,-21.2,0.5,1.4,5.4,0.5,-0.2,0.8,1006.76,15.2,16.9,-0.2,4.1,2.8,-7.4,2.7,118.18,11.9,0.4,4.09,49.9,52.2,61.0,82.0,153.0,-3.9,4.2,-1.8,1016.0,110.0,0.15,2.49086,66.1,547.5,12.79,16.47,3.72,4.4,4.6276,4.7619,30.0,-34.0,4.5,11.98,443.0,4.58,5.97,-1.51,-3.08,7.0,30.3,1.26,2.8,7.9,4.15,5.25,9.0,90.29,1.99,0.03,2.57,14606.6,4.74,0.31,-0.04,1.01,3.48,0.55,4.7,-0.19,83.3989,-366.4
2006Q4,0.09444490097789447,148.683,1116.41,235.02,139.404,257.779,2186.13,2170.89,886.238,4999.14,3723.55,247.064,140.53,776.181,316.531,824.97,44473.7,12884.2,2693.36,334.78,139.933,3327.43,2.16,1426.22,782.307,1418.81,837.1,449.332,1274.2,177.02599999999995,165.64700000000005,220.064,152.954,199.904,170.805,1601.26,1456.21,883.97,1418.3,127.34,1061.9,912.65,1116.09,400.067,510.1,450.9980000000001,98.87,1681.07,636.7,314.023,745.44,457.17,60.86,61.05,52.485,56.84,25.32,51.25,46.85,82.7,55.03,83.35,10.8033,2.1364,2240.0,3.1956,532.35,1.3197,119.06,34.18,24.42,1.039,0.18,1.01,-1.4,51.6,15.967,2.8,20.997,49.0,108.1,81.2,2.9,91.7,2.6,2.5,80.5084,208.1,0.1,201.8,3.0,3.4,83.65,10.0,1.43,-6.8,111.2,6.9,3.8,1.3197,1.3197,17.9,41.96100000000001,5.25,5.25,-14.697,11.837,1.685,1.251,4.704,4.812,4.694,287.1,2.5,341.0,2455.0,1.5,1.06,-0.3,-0.2,0.0,1.5,0.61,119.2,110.7,0.1,0.3,0.3,0.2,1.288,10.185,0.3,5.4,-20.0,-4.8,0.1,-1.9,-0.3,-0.1,-2.4,1109.66,9.8,7.7,0.4,4.0,7.9,-7.2,1.7,119.06,3.6,0.1,4.05,49.8,51.4,47.5,166.0,171.0,6.7,5.0,-0.5,998.0,129.0,0.14,2.22292,66.4,683.5,12.66,16.64,1.74,2.9,4.7022,4.8095,33.0,-26.0,4.4,11.56,501.0,4.48,5.541,-1.81,-3.06,7.5,28.64,2.28,2.6,6.0,4.64,5.25,8.4,90.09,1.14,0.03,3.31,16733.3,3.46,0.22,0.68,0.58,3.65,0.4,0.1,-0.46,83.0829,-1853.9
2007Q1,0.14197757972113578,150.941,1133.87,242.48,142.91,263.891,2200.12,2259.84,924.212,5174.91,3840.98,249.364,144.65,878.1569999999998,323.682,873.98,45804.7,17152.8,2929.0,340.12,143.4,3410.5,2.17,1441.47,792.018,1420.22,863.1,454.672,1276.22,180.293,168.62900000000005,223.779,155.763,208.112,173.938,1624.99,1477.28,907.3,1420.86,130.32,1083.38,929.03,1133.59,424.155,523.61,455.547,102.91,1713.61,663.8,328.452,763.7,493.44,68.1,65.87,54.17,58.28,26.15,54.36,49.22,83.14,55.65,85.24,11.0494,2.0594,2203.7,3.1825,538.97,1.3354,117.83,32.16,24.12,0.882,0.19,0.35,4.7,58.9,14.383,3.3,6.871,49.0,103.5,78.7,3.0,88.4,2.5,2.8,80.529,209.418,0.1,205.352,2.95,0.7,82.93,11.0,1.54,-5.3,112.0,7.8,2.3,1.3354,1.3354,18.6,-96.27,5.25,5.25,49.315,59.14,1.659,1.195,4.646,4.579,4.537,314.6,2.8,307.0,2499.0,0.8,1.05,-0.4,-0.1,-0.3,-28.0,0.26,119.0,111.1,-0.3,-0.1,0.1,-0.1,1.305,5.481,0.0,1.9,-19.1,-0.9,-4.5,9.7,-0.6,-0.1,-1.1,1602.62,10.3,0.6,-0.2,4.0,-3.4,-12.6,1.3,117.83,-3.2,0.1,4.21,52.8,52.8,65.5,196.0,214.0,-0.1,1.0,0.6,833.0,124.0,0.09,2.34164,66.2,761.25,12.34,16.07,-0.3,2.1,4.6443,4.8432,36.0,-27.0,4.4,14.64,438.0,5.78,4.25,-2.56,-2.67,8.25,30.11,1.55,2.6,6.7,5.74,5.0,8.6,90.65,0.25,0.35,3.4,17805.4,2.03,0.71,0.23,0.22,3.85,0.29,1.68,1.38,82.7835,-4947.3
2007Q2,0.09176682534255587,148.976,1141.38,241.43,141.858,258.58,2338.25,2446.72,998.284,5141.53,4413.27,289.356,152.9,1011.47,372.161,987.68,54392.1,22365.9,3470.18,338.46,153.766,3632.44,2.24,1486.73,831.0260000000002,1522.33,902.88,485.843,1347.9,183.12,171.658,226.993,156.237,207.445,177.058,1612.62,1470.92,909.33,1503.35,137.3,1125.18,1059.69,1125.75,507.964,554.86,485.423,108.12,1774.88,649.65,328.029,698.33,528.58,71.41,70.68,58.465,58.04,29.86,61.65,61.42,86.74,59.21,77.42,10.8084,1.929,1973.0,3.1660000000000004,527.13,1.3541,123.17,38.25,23.92,0.589,0.31,-0.16,0.3,59.6,9.105,4.4,26.91,44.0,101.9,74.7,3.4,85.3,2.2,2.7,80.7024,210.392,0.2,208.352,3.08,-2.4,81.92,11.0,1.57,-2.0,112.8,7.8,2.0,1.3541,1.3541,18.3,27.481,5.25,5.25,34.465,108.648,1.879,1.4780000000000002,5.026,4.862,4.923,345.35,2.3,317.0,2501.0,0.3,1.07,-0.4,-0.2,-0.3,-10.9,0.09,119.8,110.3,-0.1,-0.2,-0.2,-0.1,1.3530000000000002,5.962999999999999,0.1,1.3,-4.1,-7.8,-18.2,3.0,0.3,-0.1,0.9,1245.95,16.2,10.4,0.3,3.7,-2.9,-11.2,1.8,123.17,0.1,0.5,3.98,55.7,54.0,67.1,63.0,77.0,-5.8,2.3,-5.8,793.0,105.0,0.16,1.98171,66.0,850.0,11.96,15.88,-1.63,0.7,5.0244,5.1239,28.0,-18.0,4.6,16.23,582.0,6.03,-1.004,-2.72,-1.88,9.0,33.5,0.28,3.2,6.9,5.36,5.0,8.6,91.69,1.55,0.47,3.09,21006.0,1.99,0.77,0.38,0.12,3.75,0.29,0.67,0.21,83.3397,-2320.4
2007Q3,0.14562568880270274,152.249,1162.38,244.42,144.22,265.191,2385.72,2484.09,1009.6,5097.31,4832.67,343.3730000000001,163.25,1252.38,425.822,944.66,60465.1,21823.4,3249.0,347.29,159.10399999999996,3718.09,2.35,1524.04,829.0060000000002,1569.58,947.29,506.288,1388.85,186.097,174.83700000000005,231.224,157.938,212.542,180.311,1641.98,1526.94,912.36,1526.75,132.04,1033.19,1204.9,1158.02,562.585,578.29,502.732,106.17,1616.62,743.6,348.50699999999995,698.19,517.58,79.17,81.66,59.6,57.36,32.73,58.79,73.55,85.95,61.73,76.47,10.9355,1.8336,2029.75,3.0845,511.02,1.4267,114.81,49.22,23.05,-1.32,0.8,-0.06,-1.3,52.9,14.228,6.2,23.806,44.0,97.9,74.1,3.1,83.4,2.1,2.8,80.9264,211.554,0.2,208.49,4.05,-0.1,77.719,11.5,1.3,-6.4,109.3,4.8,2.5,1.4267,1.4267,16.3,112.866,4.75,4.75,-35.21,13.929,1.685,1.204,4.588,3.988,4.248,364.0,4.8,317.0,2518.0,0.5,1.03,-0.3,-0.2,-0.3,-19.8,-1.43,118.2,107.0,-0.1,-0.2,-0.1,-0.1,0.728,-43.955,-1.6,0.2,0.7,0.8,-6.6,16.3,1.2,0.0,-2.0,1608.68,6.3,-3.0,-0.6,3.9,1.2,-9.5,1.3,114.81,-2.7,0.6,3.79,53.9,53.8,60.4,43.0,96.0,-4.5,-11.1,-1.9,686.0,147.0,0.26,2.08031,66.0,991.25,12.42,16.26,-2.76,-0.4,4.5865,4.836,20.0,-38.0,4.7,18.0,939.0,5.01,-0.913,-2.91,-2.36,9.25,32.02,-0.39,5.9,7.7,5.24,5.75,8.9,92.82,2.8,0.61,2.06,23869.2,2.41,0.62,0.55,0.78,3.82,0.48,0.39,1.08,84.1644,-528.3
2007Q4,0.2133759133680282,154.653,1182.94,239.93,142.714,273.10900000000004,2306.23,2497.88,1001.95,4787.48,4824.45,346.204,157.79,1320.71,441.3,927.51,63886.1,17524.8,3051.83,356.55,156.253,3628.07,2.52,1487.7,780.951,1561.7,986.14,502.411,1348.26,188.954,178.168,233.941,157.938,218.222,183.737,1674.29,1587.45,900.54,1468.36,127.43,941.63,1245.59,1194.11,601.712,617.15,496.885,104.46,1475.68,833.7,364.99,610.15,460.12,93.85,95.98,57.17,53.16,32.12,56.0,80.7,80.25,60.78,65.7,10.8988,1.78,2017.25,2.998,497.95,1.4589,111.75,38.0199,21.525,-2.269,1.09,-0.65,3.6,55.8,11.827,6.5,22.687,40.0,91.0,65.6,3.4,75.5,2.4,4.1,81.0955,213.168,0.2,210.036,5.62,2.3,76.695,11.6,1.14,-9.6,105.8,3.4,4.5,1.4589,1.4589,11.3,48.261,4.25,4.25,38.202,48.212,1.51,1.015,4.025,3.051,3.4410000000000003,304.1,10.6,360.0,2760.0,0.2,0.98,-0.1,0.1,-0.1,-20.2,0.51,117.6,105.9,0.8,0.7,0.4,0.3,1.029,-19.176,0.7,1.4,0.4,-1.1,-6.4,3.7,0.8,0.4,-1.5,866.944,6.8,12.3,-0.6,3.7,1.5,-7.1,2.6,111.75,-11.6,0.7,3.76,51.1,50.1,65.7,62.0,104.0,-6.1,-13.4,-3.4,619.0,17.0,0.2,2.33468,66.0,1199.0,12.19,15.78,-5.4,2.3,4.0232,4.4522,18.0,-11.0,5.0,22.5,885.0,5.69,1.27,-2.89,-2.77,9.5,30.45,2.31,7.8,7.2,4.15,6.0,9.3,93.63,3.93,0.45,1.49,26856.5,2.73,0.4,0.04,0.41,3.87,0.38,1.34,0.95,84.6044,-2303.1
2008Q1,-0.10785220550167762,155.261,1207.29,231.76,138.637,273.806,2088.42,2249.25,918.268,4413.56,4529.49,296.249,139.34,816.7760000000002,392.789,971.07,60968.1,17387.5,2902.02,362.46,141.75,3299.49,2.47,1376.31,712.8610000000001,1420.1,864.89,451.27,1283.15,195.064,181.586,242.685,157.938,224.662,187.283,1671.7,1657.72,873.38,1322.7,106.78,766.61,1104.58,1223.69,593.115,491.06,443.897,89.24,1212.96,916.9,400.046,607.92,434.07,100.3,101.58,52.505,49.48,30.31,59.1,77.03,73.45,54.44,65.1,10.6421,1.7519,1831.3,2.7505,435.24,1.5788,99.7,31.8,20.35,-3.205,0.34,-1.25,-0.5,50.4,11.107,8.3,13.407,34.0,84.2,60.1,4.3,69.5,2.4,4.0,80.5647,214.42,0.2,213.528,7.45,2.0,71.80199999999998,10.2,0.99,-13.1,102.9,1.7,5.8,1.5788,1.5788,8.7,-48.212,2.25,2.25,-52.244,69.825,1.284,0.7490000000000001,3.411,1.586,2.438,383.1,15.2,387.0,2967.0,-0.3,0.96,0.1,0.4,0.1,-17.8,-0.59,116.5,104.4,1.2,1.2,0.6,0.6,1.095,-15.577,-0.9,0.2,0.0,-5.6,-7.8,3.3,1.6,0.2,0.2,1096.18,2.2,11.4,1.3,3.8,2.3,-3.3,4.0,99.7,-28.7,-0.1,4.25,52.2,49.7,83.1,-81.0,-55.0,-4.6,-8.9,-9.8,535.0,10.0,0.22,2.13459,66.1,1197.25,11.01,14.82,-7.84,-0.1,3.4096,4.2917,20.0,-37.0,5.1,25.61,929.0,5.93,3.361,-2.35,-2.18,9.75,29.4,2.15,8.5,7.6,2.84,6.25,10.3,95.68,5.55,1.04,0.47,32644.0,1.18,-0.34,-0.89,0.72,4.09,0.49,-4.95,-0.92,84.5943,-4152.4
2008Q2,0.14597476763497566,153.872,1206.05,237.3,139.332,271.033,2031.47,2156.87,879.294,4522.54,5027.01,272.835,136.77,806.4069999999998,389.396,931.07,65017.6,16294.0,2999.9,359.52,139.516,3244.65,2.31,1352.68,674.975,1418.92,962.19,456.909,1219.02,191.998,184.799,237.747,157.938,223.728,190.444,1660.2,1622.86,888.75,1280.0,101.2,835.83,1087.12,1216.34,657.785,517.74,449.253,87.03,1320.1,925.4,464.357,575.67,382.49,139.83,140.0,48.61,49.88,33.16,56.94,89.29,69.05,55.24,60.8,10.3098,1.6037,1913.5,2.9610000000000003,527.89,1.5755,106.21,30.52,19.45,-2.386,1.97,-1.18,-0.6,49.8,2.216,7.1,21.0,29.0,67.6,49.2,5.1,56.4,2.4,5.0,79.4358,215.424,0.2,218.815,6.92,2.2,72.46300000000002,9.7,0.44,-16.6,97.7,-3.4,7.8,1.5755,1.5755,6.3,33.547,2.0,2.0,94.794,44.13399999999999,1.601,1.18,3.971,2.62,3.329,389.55,21.3,392.0,3110.0,-0.7,0.92,0.1,0.9,0.3,-30.0,-2.58,112.7,102.6,1.9,2.0,1.5,1.3,1.135,-16.69,-2.8,-0.3,0.4,-3.2,7.1,-2.5,0.3,0.5,-4.0,104.1,-1.8,16.7,-0.8,4.0,4.5,-3.6,5.8,106.21,3.6,0.6,5.26,45.0,49.9,91.4,-188.0,-154.0,18.6,7.5,-3.4,487.0,45.0,0.21,2.2555,66.1,1605.0,10.29,14.07,-8.26,1.1,3.969,4.5239,18.0,-60.0,5.6,23.95,843.5,7.18,7.962999999999999,-2.15,-2.46,9.75,27.26,0.17,9.5,8.4,0.8,6.75,11.7,96.92,5.71,0.77,-1.38,34643.0,2.62,0.89,0.8,0.41,4.78,0.47,-0.71,1.18,83.3702,-2271.0
2008Q3,-0.08131626452416663,142.216,1167.71,210.62,128.799,257.02,1861.44,1728.62,692.258,3724.41,3931.02,210.008,107.02,786.9630000000002,284.441,751.66,49541.3,11248.4,2753.31,355.36,116.346,2749.71,2.3,1364.11,633.712,1316.62,732.94,400.583,1171.85,199.222,188.676,247.292,157.987,235.01,194.48,1530.7,1660.18,809.78,1166.36,89.49,683.84,786.92,1242.57,443.429,385.38,394.382,76.89,1087.41,870.95,335.7480000000001,594.8,324.1,98.17,100.64,39.86,42.64,26.34,46.67,56.31,63.89,48.55,61.95,10.9378,1.9046,2192.16,2.9825,552.11,1.4092,106.11,26.65,21.2,-7.522,0.0,-3.68,-4.0,56.1,-4.849,4.6,29.367,29.0,75.0,67.2,4.3,70.3,2.5,4.9,74.3498,216.713,0.1,218.783,10.09,-2.7,79.44800000000002,8.6,-0.3,-19.6,91.5,-10.5,7.7,1.4092,1.4092,-1.4,45.734,2.0,2.0,85.206,59.099,1.472,1.054,3.825,1.964,2.9810000000000003,287.9,13.1,483.0,3623.0,-3.4,0.83,0.2,1.2,0.5,-53.3,2.04,107.2,98.6,2.3,2.1,1.4,1.7,1.127,54.216,1.2,0.0,0.9,-1.2,-3.8,-20.1,-0.3,0.2,-3.3,90.97,1.5,28.8,0.5,4.0,4.2,-5.3,6.9,106.11,-23.0,-0.6,5.47,45.4,47.2,55.1,-413.0,-443.0,-7.1,-2.8,-0.5,433.0,4.0,0.13,2.07673,66.0,1045.0,9.78,12.69,-9.61,-3.5,3.8234,4.311,17.0,-83.0,6.1,39.39,680.0,7.57,9.786,-2.22,-2.25,10.0,27.34,-0.67,9.2,7.8,-1.78,8.25,10.7,98.59,6.22,0.57,-2.92,33787.6,1.33,0.3,-0.25,0.68,5.14,0.58,-2.19,-0.9,81.8947,-3920.3
2008Q4,-0.4988572232485303,156.131,1186.53,171.88,108.64,241.256,1452.98,1349.94,529.685,3389.02,2628.63,164.87099999999995,89.58,483.602,205.944,523.93,37550.3,7048.67,2376.42,365.03,90.3221,2150.99,1.86,1106.06,493.184,1073.73,582.95,309.298,992.17,204.912,192.767,257.293,162.38299999999995,241.242,198.757,1591.62,1805.52,665.0,903.25,69.43,530.85,567.04,1295.51,292.3590000000001,215.33,301.539,60.44,859.24,882.05,234.874,365.67,162.22,45.59,44.6,31.14,38.32,17.43,32.27,34.99,49.52,37.06,37.23,13.6733,2.3145,2248.58,3.1345,638.5,1.3971,90.64,16.54,24.4,-6.428,0.14,-4.36,-8.5,32.5,-7.692,1.2,38.98,25.0,69.5,54.0,1.7,60.1,1.8,0.1,71.7416,216.925,0.0,210.228,17.22,-7.4,81.308,7.7,-2.32,-31.3,73.1,-32.5,1.4,1.3971,1.3971,-16.7,-51.754,0.25,0.0,80.362,35.779,1.1740000000000002,0.6890000000000001,2.214,0.768,1.551,141.0,-10.1,533.0,4679.0,-3.5,0.71,0.0,0.9,0.2,-18.2,-10.21,91.9,83.2,0.2,0.4,0.8,0.8,0.96,-5.752999999999999,-8.2,-19.9,1.8,-5.7,-24.7,-71.8,-2.6,-0.8,-6.2,-322.2270000000001,-35.0,-21.5,-0.5,4.4,-25.2,-22.3,0.9,90.64,0.0,-2.0,6.53,32.5,34.5,17.1,-703.0,-707.0,-11.5,-14.1,-3.1,377.0,14.0,-0.02,1.35128,65.8,972.25,7.69,10.18,-12.0,-6.0,2.2123,2.6758,9.0,-184.0,7.3,40.0,610.75,7.67,8.993,-2.77,-1.73,9.5,24.42,-0.34,7.1,7.5,-3.81,8.25,6.4,99.86,6.65,0.36,-4.37,30271.5,-0.53,-1.59,-1.35,0.69,5.54,0.57,-3.96,-1.2,81.1925,-6617.3
2009Q1,-0.06517036982493607,148.25799999999995,1201.93,181.04,111.376,248.24,1292.98,1144.07,455.865,2825.67,2533.26,165.81799999999996,80.93,428.902,207.9,449.05,40925.9,9237.65,2478.94,366.46,80.6549,1894.51,1.55,970.731,410.489,980.2,507.63,296.556,878.11,210.501,197.066,269.342,163.352,250.537,203.384,1560.91,1781.64,704.77,797.87,61.66,477.91,569.97,1324.72,306.685,207.78,286.503,55.62,773.66,919.35,220.049,255.63,113.91,49.23,49.66,25.58,31.6,16.46,27.32,37.7,40.75,35.08,25.46,14.1722,2.3228,2548.3,3.1527,583.2,1.325,98.96,15.61,24.05,-5.1560000000000015,-0.45,-3.75,-2.3,33.2,-16.023,-1.2,18.561,26.0,63.3,53.5,2.0,57.3,1.8,-0.4,68.2804,218.253,0.2,212.709,15.46,-3.0,85.43,5.1,-3.27,-34.7,68.5,-38.0,-3.0,1.325,1.325,-25.1,-191.58900000000003,0.25,0.0,57.702,60.768,1.3530000000000002,0.79,2.665,0.8,1.6569999999999998,184.45,-14.9,665.0,5935.0,-1.8,0.52,-0.3,0.5,-0.4,-46.2,1.46,78.0,76.7,-0.1,-0.3,0.2,0.4,0.865,-20.672,1.3,-32.8,6.9,0.2,-20.6,-85.2,-3.6,-0.9,-8.2,-5.407,-45.5,-36.4,-0.1,4.8,-50.0,-31.5,-2.6,98.96,3.0,-1.4,6.04,30.5,37.2,31.6,-786.0,-802.0,-8.1,-13.2,-8.9,339.0,10.0,0.1,1.00928,65.6,952.0,6.92,9.57,-12.73,-2.9,2.6629,3.5339,9.0,-172.0,8.7,44.14,532.75,6.14,6.7970000000000015,-2.79,-2.7,7.0,27.29,-1.68,5.0,9.2,-3.87,2.25,2.0,100.25,4.78,0.36,-4.12,29984.4,-5.57,-5.09,-0.17,0.58,5.61,0.52,-6.51,-0.72,82.4115,-1920.7
2009Q2,0.2447090793625788,161.705,1267.85,227.78,132.165,275.893,1498.94,1429.76,575.613,3476.85,3305.63,223.677,103.21,690.9119999999998,280.106,612.8,51465.5,13059.7,3090.5,377.25,98.6054,2287.58,1.35,1099.19,479.03,1115.97,574.0,344.956,991.07,212.762,200.442,275.406,165.65900000000005,257.19,207.152,1723.99,1727.82,867.39,919.32,71.77,573.96,761.3,1330.47,424.861,280.15,333.2290000000001,62.6,929.76,926.5,245.722,330.48,175.72,69.3,69.89,31.38,37.72,21.42,36.86,52.97,47.59,41.03,32.42,13.185,1.9518,2143.15,3.0065,533.65,1.4033,96.36,20.98,23.522,-2.681,0.29,-1.66,4.1,40.9,-18.629,-1.7,8.252,24.0,73.2,69.2,3.1,70.8,1.7,-1.4,66.7099,219.112,0.1,215.693,8.75,2.3,80.133,3.7,-3.17,-25.1,76.3,-32.4,-6.3,1.4033,1.4033,-20.2,-94.332,0.25,0.0,-92.851,91.966,1.359,0.725,3.535,1.113,2.556,225.8,-17.5,594.0,6618.0,-0.3,0.44,-0.7,-0.4,-1.0,-23.0,2.24,82.4,86.6,-1.7,-1.8,-1.5,-1.3,0.778,-32.36,1.9,-23.0,6.4,2.3,-30.9,-72.8,-3.0,-1.8,-8.4,486.991,-35.8,-41.7,0.3,5.2,-33.9,-13.5,-6.8,96.36,-18.9,-1.3,5.74,45.0,46.3,47.9,-428.0,-469.0,8.1,8.3,4.5,393.0,25.0,0.12,0.97031,65.7,1226.25,7.43,9.98,-10.05,1.0,3.5326,4.3294,15.0,-136.0,9.5,26.35,511.25,3.81,2.737,-2.68,-2.95,4.5,26.51,-0.46,1.9,10.7,-2.34,0.75,-1.3,99.89,3.06,-0.34,-2.86,29824.7,-8.93,-1.53,1.57,0.18,5.12,0.25,-9.96,-0.04,85.0209,-496.4
2009Q3,0.27840641673159605,175.543,1306.95,264.13,149.418,305.76,1732.86,1760.9,710.699,3703.32,3910.08,266.16200000000003,117.99,917.472,338.671,727.17,61517.9,15144.2,3372.86,394.14,116.22,2686.68,1.14,1245.63,566.4159999999998,1254.95,642.98,393.16,1118.23,217.545,202.924,279.154,167.003,264.9,209.9,1863.91,1764.12,990.72,1057.08,84.28,563.47,914.05,1362.96,529.885,353.71,378.765,70.92,909.84,1007.7,256.153,439.09,238.66,69.07,70.61,38.54,39.76,25.48,43.68,67.64,55.49,46.31,42.67,13.5115,1.767,1919.73,2.882,549.7,1.464,89.71,24.15,21.45,-1.067,0.28,-0.5,5.8,46.6,-5.7410000000000005,-0.8,12.932,27.0,73.4,73.5,2.2,73.5,1.5,-1.3,68.8642,219.92,0.2,215.969,7.0,3.9,76.653,1.8,-2.47,-19.2,85.6,-24.7,-7.5,1.464,1.464,-9.2,-45.207,0.25,0.0,87.436,41.215,1.301,0.601,3.307,0.949,2.313,281.9,-12.0,554.0,5912.0,0.9,0.43,-1.0,-0.9,-1.4,26.2,3.5,87.5,92.6,-2.3,-2.2,-2.1,-2.1,0.7070000000000001,-37.046,3.3,-17.8,4.5,2.4,-24.0,-62.1,-1.3,-1.9,-5.6,517.629,-30.6,-36.8,0.3,5.4,-21.4,3.5,-7.9,89.71,-2.8,-0.3,4.89,48.6,54.9,63.3,-143.0,-229.0,-1.1,-0.2,-7.7,386.0,137.0,0.18,0.98978,65.1,927.0,6.97,9.36,-7.59,1.1,3.3053,4.0501,19.0,-35.0,9.8,25.61,457.5,3.21,-1.499,-2.45,-3.17,4.0,25.63,1.42,-1.1,10.2,-0.15,0.5,-0.5,99.78,1.2,-0.09,-1.66,31086.2,-4.99,3.25,0.48,0.5,4.55,0.4,-5.9,0.85,87.2245,-4339.2
2009Q4,0.1504496784033711,176.107,1324.05,281.0,156.942,310.688,1837.5,1825.3,731.635,3600.99,4105.51,283.701,120.45,1010.85,367.622,826.5,68588.4,14167.2,3581.42,396.43,121.597,2796.03,0.84,1309.08,590.293,1341.52,685.78,424.385,1186.56,221.528,205.548,285.1040000000001,167.297,276.646,212.738,1889.0,1741.11,1052.08,1115.1,88.28,569.35,989.47,1370.07,595.745,396.5,406.097,76.16,907.59,1096.98,279.279,478.34,241.15,77.93,79.36,38.96,38.96,26.33,48.87,74.61,57.4,49.85,45.92,13.0914,1.7445,2043.79,2.888,507.45,1.4321,93.03,28.22,19.5,-0.51,-0.16,-0.71,2.7,55.3,5.073,1.9,18.43,28.0,78.0,68.9,2.5,72.5,1.8,2.7,69.9091,220.881,0.1,215.949,5.22,1.5,77.86,-0.3,-1.77,-16.3,93.1,-16.6,-2.8,1.4321,1.4321,-3.4,-91.41,0.25,0.0,66.002,73.721,1.295,0.473,3.839,1.139,2.681,334.65,8.6,468.0,4987.0,-0.2,0.44,-1.2,-1.2,-1.5,-21.6,1.38,93.5,96.1,-1.3,-1.7,-2.2,-1.9,0.802,-15.693,0.8,4.2,5.2,8.8,-1.9,63.4,-0.3,-1.6,-4.6,542.53,12.0,-5.5,-0.2,5.2,8.6,36.5,-3.8,93.03,-22.8,-0.1,3.57,52.6,55.8,63.8,-226.0,-277.0,6.6,-1.2,-6.1,352.0,110.0,0.07,1.61556,64.6,1039.75,8.58,11.1,-3.85,0.0,3.8368,4.6411,16.0,-34.0,9.9,21.68,541.5,2.0,-2.19,-1.98,-3.75,3.5,27.39,1.37,-1.4,8.6,1.76,0.5,3.5,100.1,0.25,0.32,-0.52,32012.6,-1.6,1.73,0.09,0.41,4.16,0.47,-1.31,0.24,87.6005,-1120.0
2010Q1,0.021209537972521897,179.545,1343.52,292.85,161.659,323.648,1936.48,1781.87,722.3510000000001,3895.71,4351.63,287.301,125.11,1060.93,376.463,892.71,70371.5,15129.0,3763.12,404.52,125.404,2886.6,0.76,1350.52,630.327,1392.23,722.15,444.098,1241.78,227.107,208.026,296.905,171.145,284.261,215.383,1932.4,1760.58,1100.71,1169.43,91.43,613.27,1010.33,1391.18,605.524,450.21,424.244,80.32,978.81,1113.25,265.231,523.69,272.9,82.7,83.76,38.34,41.76,27.91,53.37,73.64,61.07,51.95,49.78,12.365,1.7813,1920.35,2.842,524.4,1.351,93.47,27.91,19.45,0.03,0.95,0.57,5.7,59.3,3.116,2.4,-7.2360000000000015,28.0,82.4,67.9,2.7,73.6,1.1,2.3,71.8935,220.783,0.0,217.631,4.64,4.8,81.07300000000002,-0.1,-1.04,-17.4,97.3,-9.9,0.7,1.351,1.351,1.6,-65.387,0.25,0.0,-3.576,139.697,1.4,0.5589999999999999,3.828,1.02,2.545,355.35,11.2,459.0,4668.0,1.2,0.48,-1.1,-1.3,-1.2,54.2,0.92,98.5,100.0,-1.2,-1.1,-1.7,-1.8,0.841,-2.431,0.2,29.3,2.1,4.1,2.5,262.2,4.5,-1.7,-4.9,931.936,43.4,21.0,1.1,5.1,71.2,37.2,-1.3,93.47,1.3,0.6,4.97,55.8,58.8,75.2,151.0,193.0,5.7,5.3,13.4,381.0,156.0,0.13,1.73672,64.9,941.0,8.9,11.57,-2.0,1.7,3.8257,4.7129,15.0,0.0,9.9,17.59,450.5,1.84,-0.17600000000000002,-1.96,-3.41,3.5,29.69,0.01,0.3,9.0,2.2,0.5,6.2,101.01,0.76,0.28,-0.73,34109.9,4.51,1.09,1.44,0.71,4.26,0.35,6.49,1.74,87.9828,-243.5
2010Q2,0.08971212488281699,186.656,1352.59,290.81,161.445,327.494,1715.23,1511.82,613.513,3503.34,3895.3,273.184,112.8,1005.1,344.956,811.41,60935.9,13985.0,4065.29,417.23,110.203,2520.96,0.74,1261.91,560.076,1255.14,639.79,391.9380000000001,1127.4,233.968,210.413,307.357,170.368,288.0490000000001,217.86,1998.43,1843.06,1099.55,1030.71,84.4,521.84,917.99,1434.66,532.841,421.19,373.782,76.88,841.42,1242.38,252.47,500.88,231.53,75.01,75.63,31.35,36.8,24.87,47.89,61.83,54.21,45.83,47.21,12.9409,1.8047,1900.11,2.8255,546.04,1.2238,88.43,26.15,21.12,-1.758,2.21,-0.29,4.9,61.8,-4.009,2.9,20.022,29.0,85.6,69.8,2.8,76.0,0.9,1.1,73.7847,221.194,0.1,217.965,6.23,1.0,86.01899999999998,0.1,-0.24,-17.4,98.9,-5.0,3.1,1.2238,1.2238,3.0,-68.422,0.25,0.0,-9.107,42.993,1.091,0.354,2.9330000000000003,0.605,1.775,293.6,4.3,464.0,4484.0,-0.1,0.51,-1.5,-1.5,-1.4,66.6,-0.91,99.6,101.1,-1.0,-0.7,-1.0,-1.3,0.795,0.615,-0.8,16.4,3.6,-5.6,3.9,139.5,3.3,-1.4,-3.1,670.5219999999998,27.7,26.5,0.4,5.2,25.9,20.6,0.5,88.43,8.8,0.9,3.69,56.8,56.5,54.9,116.0,-140.0,2.1,-8.1,8.9,305.0,23.0,0.03,1.43887,64.6,948.5,8.77,11.41,-1.42,0.4,2.9311,3.8885,16.0,20.0,9.4,34.54,464.75,2.25,2.129,-2.1,-4.03,3.0,31.92,3.33,1.2,8.5,1.76,1.0,10.0,101.53,1.64,0.25,-1.01,34067.5,7.03,1.03,-0.07,-0.03,3.85,0.14,6.45,-0.2,88.656,201.9
2010Q3,0.0042023508032555945,197.232,1377.28,311.86,171.52,356.421,1908.95,1792.94,734.165,3707.45,4409.36,318.015,126.31,1321.8,407.145,901.9,69429.8,17867.4,4795.38,429.28,126.006,2868.23,0.8,1397.31,616.814,1403.91,727.57,442.902,1254.63,242.272,212.952,318.27,172.77700000000004,298.513,220.512,2092.52,1893.29,1173.38,1141.2,90.01,517.05,1075.53,1442.13,644.51,457.3,420.726,81.56,829.51,1308.54,281.785,567.5,276.16,82.31,79.97,37.85,39.54,28.03,52.99,76.94800000000002,58.99,51.37,52.88,12.5936,1.7079,1802.18,2.7861,483.55,1.3634,83.53,32.9,20.3,-0.7509999999999999,0.99,-0.36,1.5,61.8,0.816,3.6,16.875,28.0,79.6,60.9,2.2,68.2,0.8,1.1,74.8782,221.711,0.1,218.439,5.29,1.0,78.72,0.7,0.31,-11.3,103.1,-1.3,4.3,1.3634,1.3634,7.1,-34.607,0.25,0.0,85.615,75.443,0.94,0.268,2.512,0.426,1.265,365.15,3.6,459.0,4431.0,0.0,0.55,-1.5,-1.5,-1.3,3.9,1.62,101.3,100.4,-1.1,-0.6,-0.6,-1.0,0.833,17.68,1.6,12.8,5.8,-8.2,4.1,113.6,1.9,-1.4,-1.7,774.314,14.3,10.3,-0.3,5.1,11.4,-4.1,-0.1,83.53,-0.8,1.2,3.7,58.0,55.3,69.8,110.0,-63.0,-2.9,-0.8,12.4,317.0,212.0,0.05,1.16835,64.6,1106.75,8.92,11.67,-3.37,3.3,2.5098,3.6849,13.0,10.0,9.5,23.7,674.0,2.28,2.271,-2.71,-3.61,3.0,31.99,2.51,1.9,8.0,1.34,2.5,9.6,102.14,2.37,-0.03,-1.8,41093.6,4.84,0.91,0.47,0.52,3.65,0.36,3.89,-0.47,88.9409,-377.6
2010Q4,0.093835954326142,192.609,1379.05,323.4,176.685,348.719,2114.29,1870.91,772.597,4156.86,4945.19,339.355,137.7,1252.25,437.015,1053.36,69304.8,23374.6,4927.53,424.83,137.003,3124.94,0.75,1501.56,681.824,1531.99,810.66,495.302,1363.02,240.162,215.446,316.701,174.88,298.622,223.099,2058.93,1843.32,1211.19,1257.64,95.38,562.29,1151.38,1445.37,683.056,500.31,470.625,87.97,898.8,1421.4,326.288,607.15,314.88,94.75,91.38,39.28,43.64,31.0,61.92,77.4,64.87,57.26,55.96,12.3401,1.6613,1907.7,2.8063,468.0,1.3384,81.12,32.5,19.9,-0.557,0.83,0.19,2.2,64.5,1.732,4.6,13.08,28.0,85.3,67.5,3.0,74.5,0.8,1.5,75.6324,222.343,0.1,219.179,4.22,1.6,79.028,1.1,0.94,-11.5,107.2,5.5,5.0,1.3384,1.3384,9.4,-78.134,0.25,0.0,59.392,61.305,1.128,0.409,3.295,0.597,2.008,444.7,5.3,413.0,3898.0,0.5,0.59,-0.7,-0.8,-0.5,40.8,1.69,102.9,100.8,-0.4,0.0,-0.1,-0.4,0.861,7.5310000000000015,0.6,5.3,7.0,0.1,-0.6,64.0,-1.9,-1.3,-1.7,719.559,12.9,10.7,-0.5,4.9,-5.1,-28.3,1.2,81.12,2.3,1.2,4.4,56.7,56.6,73.3,94.0,73.0,12.9,-1.1,13.6,326.0,116.0,0.02,0.90211,64.3,1393.75,9.47,12.43,-4.12,1.3,3.2935,4.3341,16.0,10.0,9.3,17.75,794.25,3.17,4.376,-3.03,-3.55,3.0,28.17,1.39,2.98,7.1,1.44,3.25,9.3,102.18,2.08,0.18,-2.42,42647.9,4.14,0.83,0.57,0.5,3.58,0.43,3.07,0.95,88.3176,-4821.3
2011Q1,-0.031431154836992214,194.189,1387.0,336.14,183.552,351.825,2239.44,1997.27,821.691,3952.1,5323.91,343.3040000000001,135.78,1209.72,445.958,1057.14,68586.7,21957.5,4624.47,427.7,143.062,3274.81,0.72,1570.08,725.837,1613.43,865.63,525.17,1445.75,239.169,217.893,315.7340000000001,174.926,295.6690000000001,225.749,2076.6,1840.37,1258.19,1325.83,95.47,540.78,1170.87,1454.23,689.082,521.81,498.6,86.44,869.38,1432.2,340.797,650.86,343.13,117.36,106.72,41.82,41.26,33.61,62.85,77.51,68.67,60.47,59.4,11.9048,1.6325,1870.5,2.8025,477.5,1.4158,83.13,31.48,19.25,-0.209,0.48,0.54,5.8,68.8,8.34,5.4,0.139,26.6,82.5,57.9,4.6,67.5,1.2,2.7,76.0136,223.454,0.1,223.467,3.55,3.2,75.857,1.8,1.3,-10.9,107.8,7.0,6.4,1.4158,1.4158,10.7,-188.154,0.25,0.0,137.436,13.922,1.26,0.5,3.472,0.825,2.278,430.75,10.3,399.0,3766.0,0.6,0.62,-1.4,-1.3,-1.0,0.0,-21.76,97.4,100.2,-0.7,-0.5,-0.7,-0.8,0.823,-2.444,-16.5,-13.3,16.9,-1.5,9.1,49.6,-8.0,-1.0,-7.5,170.93,-2.4,12.2,-4.6,4.7,-57.3,-37.0,1.3,83.13,-7.5,1.3,3.04,60.5,58.4,82.3,277.0,254.0,7.6,16.1,11.1,300.0,233.0,0.15,1.1626,64.2,1410.25,9.82,12.85,-4.05,4.9,3.4703,4.5076,17.0,21.0,9.0,17.74,763.25,3.19,4.977,-3.15,-2.88,3.5,31.41,1.01,3.37,7.3,0.74,4.0,8.7,103.7,2.66,0.7,-2.52,44666.7,3.7,0.81,0.72,0.19,3.21,0.3,1.4,0.14,88.3361,-2502.0
2011Q2,0.04435086380382591,199.296,1401.75,339.02,184.882,366.262,2241.66,2050.8,840.5110000000002,3959.08,5072.1,343.335,134.97,1151.87,440.844,1050.46,62403.6,18878.8,4795.28,437.19,143.418,3290.22,0.64,1632.37,722.175,1658.37,888.86,529.148,1466.87,246.417,220.452,329.0680000000001,175.218,306.613,228.471,2124.04,1884.28,1271.42,1320.64,94.18,527.44,1146.22,1488.32,671.472,496.41,500.033,86.65,849.22,1500.18,317.878,668.38,343.63,112.48,95.42,42.08,41.72,31.67,62.56,73.35,68.28,60.88,60.3,11.7135,1.5635,1772.5,2.7495,467.66,1.4502,80.56,31.25,18.4,-0.177,-0.09,-0.12,-0.6,63.5,8.562999999999999,6.4,22.273000000000003,28.1,82.0,64.7,3.8,71.5,1.6,3.6,75.9752,224.697,0.2,225.722,4.16,0.3,74.303,1.2,0.97,-9.9,105.3,2.9,5.5,1.4502,1.4502,9.7,-43.08,0.25,0.0,-23.092,2.26,1.14,0.43,3.161,0.46,1.7619999999999998,427.2,13.6,421.0,3719.0,0.1,0.62,-0.8,-0.7,-0.7,-32.9,6.58,100.4,100.9,-0.2,-0.4,-0.6,-0.4,0.851,5.822,4.2,-1.5,17.0,5.3,17.9,53.5,1.9,-0.9,-0.5,64.452,-1.6,9.9,1.8,4.7,-13.8,-23.3,1.9,80.56,-2.7,0.5,3.28,62.1,55.8,70.3,199.0,234.0,2.9,8.4,-1.3,301.0,103.0,0.11,1.5758299999999998,64.0,1306.25,9.09,11.68,-3.9,-0.5,3.16,4.371,13.0,14.0,9.1,16.52,584.75,3.23,4.727,-3.13,-1.45,4.25,29.91,1.5,3.44,7.2,0.33,5.25,6.9,104.48,2.91,0.1,-2.87,45610.9,2.76,0.44,0.51,0.0,3.18,0.19,3.67,0.89,89.12299999999998,-2381.2
2011Q3,-0.06561284766022613,204.95,1398.19,316.38,173.36,358.927,1930.79,1589.61,647.886,3704.16,4109.91,271.676,113.12,947.243,341.396,834.1,52324.4,18329.1,3888.59,449.77,118.43,2743.58,0.66,1531.58,605.174,1487.07,781.65,459.637,1283.9,253.004,223.114,343.63,178.108,317.293,231.197,2184.58,2006.35,1194.32,1131.42,78.36,466.6,880.43,1523.72,506.685,380.03,428.897,73.22,761.17,1623.79,281.853,565.91,237.42,102.76,79.2,31.87,37.84,25.49,48.98,52.01,56.59,52.58,50.57,13.8973,1.8792,1929.52,2.774,519.27,1.3387,77.06,23.0,20.3039,-2.298,0.43,-0.32,0.9,62.4,10.574000000000002,6.1,14.514,23.5,75.2,49.4,3.3,59.5,2.0,3.9,76.4931,226.118,0.1,226.889,7.59,0.9,78.553,1.6,0.23,-19.1,95.4,-5.6,5.6,1.3387,1.3387,1.0,-62.75,0.25,0.0,75.15,76.438,1.032,0.373,1.916,0.245,0.953,315.2,12.7,405.0,3697.0,0.3,0.67,-0.4,-0.4,-0.4,16.7,-1.71,103.9,100.9,0.2,0.0,-0.3,-0.1,0.741,-10.823,-0.9,-3.0,16.7,0.4,9.8,20.1,-1.5,-0.4,-3.6,288.773,2.3,12.2,-0.1,4.2,-4.5,1.7,2.0,77.06,-4.3,-0.3,3.14,56.6,53.7,57.0,267.0,233.0,-5.7,11.1,1.7,304.0,11.0,0.07,1.88271,64.2,1179.0,10.18,13.01,-3.06,-1.0,1.9154,2.9134,14.0,5.0,9.0,42.96,609.25,3.73,6.695,-2.98,-1.44,4.5,30.52,0.14,3.27,7.4,-0.96,5.25,6.6,105.94,3.73,0.33,-2.04,46377.5,4.05,1.92,0.16,0.25,3.12,0.27,2.24,-0.44,90.2615,-4924.4
2011Q4,-0.08932545039802607,210.227,1403.21,342.98,187.185,376.69,2158.94,1669.63,679.453,3561.13,4316.44,280.623,113.86,802.5060000000002,356.501,913.74,56754.1,19473.3,4177.53,456.27,126.937,2951.81,0.69,1694.74,684.487,1646.63,860.0,508.388,1449.19,256.768,225.524,346.278,181.527,321.372,233.662,2226.65,2024.21,1271.5,1257.61,84.95,446.93,916.39,1537.53,550.8580000000002,390.59,473.92,80.21,728.61,1564.91,282.826,643.87,242.2,107.38,98.83,33.74,36.44,26.6,53.76,57.39,63.48,57.79,56.81,13.9357,1.8663,1935.35,2.6965,520.02,1.2961,76.91,20.51,19.95,-1.558,0.04,0.42,5.4,61.5,11.287,4.1,16.52,26.3,79.6,63.6,3.1,69.9,2.2,3.0,77.0264,227.405,0.2,225.672,6.48,2.2,80.178,1.7,0.08,-21.3,93.8,-5.8,4.4,1.2961,1.2961,-1.7,-85.96700000000001,0.25,0.0,101.912,20.908,0.988,0.349,1.877,0.241,0.833,343.6,8.5,376.0,3566.0,0.7,0.72,-1.1,-0.7,-1.1,8.5,2.26,106.6,100.9,-0.1,-0.2,-0.4,-0.3,0.797,-7.311,2.0,-1.8,13.5,-2.8,6.3,17.4,2.5,-0.4,-0.3,-208.30900000000003,-8.0,8.2,1.0,4.5,13.4,23.5,0.8,76.91,-4.1,0.5,3.82,54.9,53.0,45.4,218.0,201.0,-1.3,-2.4,4.0,341.0,145.0,0.17,2.05826,64.0,1198.5,10.53,13.46,-3.9,1.8,1.8762,2.8941,21.0,32.0,8.5,23.4,652.75,3.73,5.515,-2.98,-2.05,4.75,28.7,2.33,4.43,6.6,-1.76,5.25,5.6,107.03,4.74,0.27,-1.74,47206.3,4.13,0.71,-0.57,0.82,3.35,0.51,4.37,0.31,91.5277,-2706.1
2012Q1,0.03552770138327998,216.881,1425.29,360.8,195.695,393.319,2430.68,1847.74,757.293,3962.28,4591.89,319.092,126.6,1029.58,406.671,1058.22,64511.0,23612.0,4671.28,460.17,142.013,3293.17,0.78,1802.65,760.597,1850.85,961.2,583.066,1560.76,261.954,228.116,354.491,183.574,327.496,236.387,2272.94,1998.04,1339.35,1408.47,91.0,526.58,1041.45,1546.95,631.265,456.17,541.0930000000002,87.44,854.35,1668.15,285.329,713.25,287.99,122.88,103.02,37.35,40.7,28.34,62.52,64.66,70.07,66.08,62.3,12.8107,1.8263,1787.21,2.6685,488.0,1.3343,82.87,23.3,19.5,-0.652,0.23,-0.47,0.7,62.0,13.867,3.6,5.184,32.6,86.0,69.8,3.9,76.2,2.3,2.7,76.9348,228.478,0.2,229.392,5.02,0.0,79.00399999999998,2.9,0.04,-18.9,95.4,-6.3,3.4,1.3343,1.3343,1.1,-198.157,0.25,0.0,-41.801,36.63800000000001,0.989,0.318,2.211,0.331,1.039,382.5,3.5,358.0,3286.0,-0.5,0.77,-0.5,-0.3,-1.0,-6.1,0.0,109.3,103.4,0.2,0.5,-0.1,-0.3,0.867,5.011,-0.2,16.6,-0.2,-6.3,-1.1,1.6,9.3,-0.2,5.1,-81.835,5.9,10.5,-0.4,4.5,143.7,78.2,0.3,82.87,4.8,0.4,3.73,55.3,53.5,62.3,268.0,264.0,9.2,-1.3,-3.3,354.0,103.0,0.16,2.10574,63.8,1403.0,10.99,14.22,-1.39,-1.0,2.2088,3.3358,28.0,38.0,8.2,15.5,660.75,3.4,1.5630000000000002,-2.77,-2.47,5.25,29.74,1.36,3.78,6.6,-2.16,5.0,6.3,108.09,4.23,0.77,-1.39,54050.1,4.81,0.55,0.4,0.06,3.31,0.24,3.63,0.41,92.4578,-4397.6
2012Q2,-0.0315418715320972,222.246,1429.35,366.09,198.811,405.072,2363.79,1708.63,699.319,3672.9,4235.91,297.345,117.22,1036.87,370.518,1045.83,54354.6,20207.2,4400.1,469.36,134.114,3126.3,0.85,1851.63,743.88,1798.8,961.8,559.615,1520.95,271.737,230.702,363.69,185.12,341.785,239.105,2330.3,2054.68,1363.9,1362.16,86.79,472.59,937.35,1563.55,548.194,431.75,517.322,84.18,770.08,1597.45,272.357,740.57,277.65,97.8,84.96,33.7,37.64,25.84,61.45,51.695,68.22,63.23,63.935,13.3608,2.0093,1780.83,2.664,510.0,1.2667,79.79,21.93,21.63,-0.6829999999999999,0.68,-0.51,-3.1,55.1,14.066,2.2,31.642,31.9,81.5,67.8,3.1,73.2,2.2,1.7,77.2452,229.623,0.2,229.478,5.71,-2.3,81.627,3.1,-0.46,-19.6,91.0,-11.2,2.1,1.2667,1.2667,-5.7,-59.74100000000001,0.25,0.0,28.018,15.2,0.8370000000000001,0.22,1.646,0.303,0.7190000000000001,349.0,-2.5,372.0,3304.0,0.2,0.8,-0.6,-0.4,-1.0,16.4,-2.13,105.0,100.6,-0.2,-0.2,-0.6,-0.6,0.85,-0.166,-0.8,-0.6,5.9,0.0,-9.9,-6.8,-0.2,-0.3,-2.6,56.081,-2.3,-2.2,0.2,4.3,20.3,40.9,-1.5,79.79,-6.7,0.3,4.34,54.8,49.7,35.7,49.0,68.0,-0.3,6.9,-2.7,360.0,192.0,0.1,1.87756,63.8,1512.75,11.08,14.13,0.88,-1.2,1.6449,2.7533,29.0,9.0,8.2,17.08,739.0,3.2,-0.698,-3.11,-0.95,5.25,31.91,1.39,2.64,6.6,-2.84,5.0,6.6,108.66,4.0,-0.04,-1.52,55591.2,3.99,0.9,0.87,0.46,3.5,0.22,2.32,0.54,92.9383,-1746.4
2012Q3,-0.0910759114599926,232.483,1448.77,382.17,206.886,433.78,2513.93,1857.92,761.7289999999998,3641.94,4677.73,324.877,122.47,1115.8,399.206,1117.13,59175.9,21674.8,4230.42,478.76,143.281,3335.97,0.7,1914.94,792.2719999999998,1883.17,1006.11,593.7959999999998,1609.14,277.518,233.294,366.963,187.633,349.267,241.906,2419.55,2066.35,1425.69,1440.67,92.57,452.33,1002.66,1580.94,573.914,467.71,546.172,89.16,737.42,1772.25,298.749,750.87,303.01,112.39,92.19,36.52,36.68,28.49,65.39,54.06,72.18,66.7,64.38,12.8585,2.0258,1800.5,2.5975,473.3,1.286,77.96,22.29,21.0,-0.159,0.59,-0.11,-0.3,51.9,9.721,1.9,27.432,31.6,85.7,73.5,3.3,78.3,2.0,2.0,76.7809,230.659,0.2,231.407,4.88,1.1,79.935,2.9,-0.81,-25.6,85.7,-14.7,2.6,1.286,1.286,-11.1,75.18,0.25,0.0,34.854,7.518,0.778,0.197,1.634,0.232,0.626,375.8,-0.6,376.0,3309.0,-0.1,0.81,-0.6,-0.5,-1.1,-9.3,-4.01,102.9,98.3,-0.1,-0.3,-0.7,-0.4,0.8540000000000001,15.528,-2.1,-7.7,9.0,-2.4,-7.8,-2.8,0.4,-0.5,-1.1,-568.194,-10.3,4.2,-0.6,4.2,-12.4,-8.1,-1.5,77.96,16.6,0.6,4.77,53.0,51.8,60.0,185.0,194.0,10.7,12.3,2.7,385.0,128.0,0.13,1.72006,63.6,1601.0,11.58,14.81,3.0,4.1,1.6335,2.823,40.0,-6.0,7.8,15.73,902.5,3.08,0.104,-3.16,-1.15,4.75,30.99,0.57,2.85,6.5,-3.28,5.0,6.5,109.91,3.74,0.54,-2.55,59294.0,2.75,0.62,0.29,0.44,3.61,0.18,2.58,0.95,92.8885,-4117.3
2012Q4,0.02270700726242892,235.132,1454.96,395.67,213.666,446.847,2504.44,1990.75,815.992,3852.42,4708.75,343.371,129.36,1312.87,421.467,1184.8,60952.1,20629.3,4301.38,481.52,147.411,3418.96,0.83,1884.34,804.332,1856.89,989.85,585.956,1619.16,281.237,236.045,369.897,189.202,348.089,244.857,2445.25,2064.56,1472.56,1426.19,96.31,531.17,1055.2,1577.45,598.548,490.01,537.099,92.18,859.8,1675.35,279.836,765.74,324.49,111.11,91.82,39.3,39.0,28.4,70.53,55.94,72.82,65.49,64.67,12.8533,2.0428,1762.5,2.5515,479.47,1.3193,86.75,21.41,19.18,-0.066,0.5,0.27,-0.6,51.4,11.731,2.5,31.338,34.1,87.0,63.8,3.2,72.9,1.9,1.7,77.2492,231.725,0.2,229.601,4.37,-1.0,79.76899999999998,3.6,-0.77,-26.2,87.7,-12.9,2.1,1.3193,1.3193,-8.3,-1.1909999999999998,0.25,0.0,18.118,64.62100000000001,0.7909999999999999,0.185,1.758,0.249,0.7240000000000001,365.25,-2.0,362.0,3127.0,0.8,0.83,-0.6,-0.5,-1.0,-3.0,1.86,103.9,98.6,-0.2,-0.1,-0.6,-0.6,0.883,9.954,1.4,-7.6,11.8,-2.2,-3.4,-27.5,0.2,-0.2,0.1,-645.749,-5.8,1.9,0.4,4.3,-17.2,-3.4,-0.7,86.75,-10.4,0.2,3.57,52.6,49.8,54.0,239.0,243.0,2.6,17.2,1.8,399.0,120.0,0.08,1.71363,63.7,1418.75,11.97,15.22,6.45,2.5,1.7574,2.9499,47.0,10.0,7.9,18.02,778.0,2.44,-2.957,-3.05,-1.86,4.25,28.45,1.75,1.48,6.1,-3.88,5.0,5.3,109.86,2.65,0.26,-2.79,62300.3,3.1,0.84,-1.06,0.23,2.9,0.12,-2.1,-1.58,93.6496,-8430.8
2013Q1,0.07965662082428547,233.868,1461.07,405.07,218.206,434.251,2770.05,2042.61,840.3589999999998,4300.57,4750.03,341.77,135.56,1423.09,414.643,1269.45,56352.1,19858.9,4432.14,481.88,156.997,3683.36,0.98,2138.14,903.329,2076.56,1107.49,641.882,1794.41,289.316,238.783,381.083,192.03,356.581,247.862,2442.63,2060.73,1515.15,1569.19,100.92,639.56,1034.9,1576.82,603.871,491.15,587.508,99.35,1034.71,1597.5,276.686,830.17,357.23,110.02,97.23,39.71,43.2,28.51,74.59,54.48,81.17,71.37,69.48,12.3312,2.0219,1828.57,2.5895,473.0,1.2819,94.22,21.01,18.945,0.345,0.15,-0.39,0.5,55.5,10.438,2.1,-0.906,32.9,90.7,70.8,3.2,78.6,1.9,1.5,77.64399999999998,232.794,0.1,232.773,3.82,-2.5,82.976,2.4,-0.72,-23.5,89.6,-11.6,0.6,1.2819,1.2819,-6.2,-106.53,0.25,0.0,-16.858,-29.66,0.551,0.136,1.85,0.244,0.765,340.2,-2.1,375.0,3080.0,-0.1,0.87,-0.8,-0.7,-0.8,48.4,0.64,106.4,105.3,-0.5,-0.9,-1.0,-0.5,0.933,7.296,1.2,-5.8,19.8,5.3,2.4,-21.5,-0.3,-0.2,2.5,-356.897,1.1,5.4,0.3,4.1,-16.4,-15.6,-0.5,94.22,-4.0,-0.1,4.25,52.9,52.0,53.7,167.0,156.0,-4.4,3.0,-0.7,444.0,383.0,0.09,1.48498,63.3,1404.75,12.29,15.5,8.91,-5.7,1.8486,3.1023,44.0,3.0,7.5,12.7,687.75,1.91,-1.9,-3.49,-1.37,3.25,29.7,0.71,1.51,6.2,-4.33,5.0,4.5,110.89,2.59,0.91,-3.72,66264.0,0.64,0.35,0.24,0.73,3.02,0.3,-3.75,-0.26,93.971,-8122.2
2013Q2,-0.04113707873157912,223.717,1458.49,397.42,214.131,408.05,2850.66,2037.92,837.3439999999998,4489.94,4394.93,323.695,130.52,1206.85,381.138,1119.47,47457.1,15549.5,4029.67,470.48,156.332,3707.13,0.61,2136.02,932.234,2109.58,1128.01,655.121,1817.4,282.589,241.208,381.347,193.81,351.286,250.42,2361.89,2021.06,1493.4,1606.28,97.69,704.27,940.33,1545.64,509.981,442.99,597.92,95.72,1133.84,1234.53,250.535,802.71,353.04,102.16,96.56,38.75,44.88,26.15,65.248,43.86,83.79,72.74,66.43,12.9308,2.2322,1925.5,2.7805,507.25,1.301,99.14,19.98,20.555,-0.121,0.43,-0.18,-0.6,53.1,10.982,2.7,27.267,36.3,93.8,77.8,3.0,84.1,1.6,1.8,77.5086,233.35,0.2,233.504,4.17,-0.5,83.13600000000002,2.3,-0.58,-18.7,91.2,-10.8,0.2,1.301,1.301,-7.2,116.501,0.25,0.0,-35.253,-67.265,0.853,0.313,2.487,0.35700000000000004,1.395,305.05,0.1,340.0,3003.0,0.2,0.92,-0.2,-0.2,-0.4,22.0,-0.2,107.7,107.1,0.4,0.2,0.0,0.2,0.977,15.349,-1.1,-4.6,36.0,-1.7,4.9,-12.4,1.6,0.0,3.5,-180.527,7.4,11.7,-0.3,3.9,-9.5,-15.8,1.2,99.14,-11.7,0.0,4.09,49.3,51.5,50.7,182.0,158.0,-6.2,-7.4,9.8,470.0,95.0,0.17,1.48977,63.4,1564.5,12.36,15.74,9.27,1.7,2.4857,3.4994,51.0,4.0,7.5,16.86,648.5,2.16,-0.199,-3.24,-2.45,3.25,31.51,1.58,1.86,6.2,-4.49,5.0,6.3,111.67,2.77,0.26,-4.14,65439.8,2.09,-0.69,-0.29,-0.06,2.79,0.13,-2.23,-0.75,93.3158,-8978.8
2013Q3,-0.16514558427043655,226.053,1469.0,406.79,219.003,412.587,3000.18,2319.91,955.337,4789.02,4782.65,342.24,138.55,1126.54,403.119,1099.94,52338.2,15919.7,3823.85,473.99,168.688,4010.25,0.47,2197.56,968.973,2250.05,1194.14,708.248,1919.7,285.896,243.831,391.989,195.742,362.962,253.23,2381.27,2023.1,1527.48,1681.55,106.16,737.24,987.46,1562.05,530.992,462.9,646.075,102.37,1194.1,1329.03,255.882,779.75,389.78,108.37,102.33,44.12,47.68,28.31,63.89,47.91,86.2,78.2,63.79,13.0914,2.2169,1906.5,2.7815,504.76,1.3527,98.27,21.71,22.05,0.228,1.02,0.17,0.6,56.7,17.337,3.1,14.753,35.3,92.6,67.8,3.3,77.5,1.7,1.2,77.8696,234.7,0.2,234.149,3.62,0.7,80.221,2.0,-0.21,-14.9,96.8,-6.1,-0.9,1.3527,1.3527,-2.0,75.11399999999998,0.25,0.0,-107.546,32.331,0.6859999999999999,0.243,2.611,0.319,1.382,332.3,-0.7,319.0,2944.0,0.1,0.96,0.0,0.0,-0.4,77.3,1.71,111.6,109.6,0.7,1.1,0.5,0.2,1.017,19.363,1.0,4.8,46.1,-1.9,11.4,-6.3,3.0,0.1,0.7,-943.25,11.4,16.7,-0.1,3.9,12.9,12.4,2.3,98.27,-0.4,0.5,3.39,53.1,54.8,57.4,197.0,201.0,4.5,-4.2,5.8,403.0,64.0,0.12,1.5533,63.2,1282.75,11.79,15.28,10.62,2.2,2.61,3.6847,57.0,18.0,7.2,16.6,678.5,2.27,-1.32,-3.25,-2.64,3.25,27.99,0.78,1.91,5.7,-4.24,5.0,5.3,113.02,2.83,0.11,-4.57,65448.3,1.46,0.96,0.13,0.38,2.52,0.32,-1.29,-0.38,93.602,-5659.5
2013Q4,0.0955378046227151,229.481,1476.07,421.75,226.333,418.041,3315.58,2502.39,1033.69,4898.87,4973.71,353.911,141.35,970.13,410.501,1171.61,51507.2,15753.7,3699.18,475.044,181.023,4331.02,0.4,2361.57,1065.95,2493.8,1334.33,782.163,2089.12,286.528,246.131,391.944,198.396,362.755,255.691,2407.75,2007.83,1582.19,1848.36,112.13,806.64,1002.69,1553.5,518.596,448.38,709.461,106.63,1302.29,1201.64,253.186,779.3,416.44,110.8,98.42,47.45,48.56,29.16,68.0,44.68,94.17,85.95,63.08,13.0367,2.3592,1943.73,2.799,528.85,1.3743,105.31,20.81,21.3995,0.6579999999999999,0.32,-0.16,-1.6,59.8,14.71,2.5,25.229,35.7,98.6,72.1,3.0,82.5,1.7,1.5,78.0532,235.759,0.2,233.049,2.61,-1.9,80.035,1.0,0.2,-13.6,100.0,-2.9,-0.8,1.3743,1.3743,1.9,53.22,0.25,0.0,-145.144,-48.0,0.741,0.246,3.029,0.382,1.743,339.65,-1.1,332.0,2807.0,0.0,1.03,0.7,0.7,0.3,6.1,0.1,113.9,111.1,1.3,1.6,1.0,0.7,1.052,17.953,0.0,8.0,46.6,-14.1,6.7,28.1,2.5,0.4,0.2,-1307.17,15.3,24.8,-0.3,3.7,12.0,18.7,2.5,105.31,-4.2,0.4,3.97,52.9,55.9,51.7,116.0,93.0,-2.1,-8.5,-2.9,433.0,282.0,0.13,1.6331,62.9,1312.5,11.95,15.52,10.72,-0.9,3.0282,3.9679,57.0,4.0,6.7,13.72,605.25,1.94,-0.487,-3.32,-2.19,3.25,26.76,0.53,2.94,5.7,-4.11,4.5,6.9,113.0,2.86,0.17,-4.66,64423.2,1.21,0.54,0.23,0.57,2.78,0.33,1.58,0.21,94.3435,-8417.4
2014Q1,-0.16193222950003194,237.261,1483.02,434.68,232.399,434.321,3375.51,2559.95,1060.03,4624.27,5051.32,351.3119999999999,138.0,1007.53,408.733,1115.31,50414.9,14298.9,3772.76,484.321,182.987,4385.73,0.34,2410.52,1098.16,2505.22,1344.23,790.919,2097.37,292.5420000000001,248.318,401.828,200.087,369.311,258.051,2478.53,2034.78,1629.36,1872.34,113.81,740.19,994.65,1578.53,520.326,419.87,714.3910000000002,107.88,1202.89,1284.01,270.883,847.46,426.83,107.76,101.58,48.28,45.32,29.55,63.95,45.035,96.5,86.54,67.67,13.058,2.272,1970.21,2.8085,549.47,1.3769,103.23,19.909,22.634,0.794,1.16,0.63,2.3,61.0,18.236,2.4,7.985,35.0,95.7,70.0,3.2,80.0,1.7,1.5,78.8959,236.622,0.2,236.293,2.51,1.5,80.1,1.1,0.28,-9.4,102.2,-2.6,-1.7,1.3769,1.3769,5.5,-36.895,0.25,0.0,-100.026,-43.25899999999999,0.642,0.2,2.719,0.42,1.719,302.55,-0.5,332.0,2739.0,0.8,1.07,0.7,0.8,0.4,-9.7,1.06,117.5,106.6,1.3,1.6,1.3,1.0,0.904,-2.862,1.5,6.7,54.8,13.1,16.1,41.8,11.0,0.5,16.2,-1450.14,1.8,18.2,2.1,3.7,14.2,14.5,1.7,103.23,-1.2,0.3,3.76,53.7,55.3,59.0,253.0,261.0,1.3,2.6,-4.7,409.0,136.0,0.21,1.57703,63.1,1464.0,13.08,16.79,8.95,-0.2,2.718,3.5583,46.0,16.0,6.7,13.88,697.25,2.51,2.622,-3.48,-2.64,3.25,26.7,-0.02,3.86,6.5,-3.77,4.0,4.7,114.63,3.38,0.52,-4.69,63635.3,2.64,0.64,-0.26,0.27,2.89,0.21,4.99,0.24,94.9229,-8206.0
2014Q2,0.12428650404256802,244.299,1490.05,445.23,237.742,455.974,3552.18,2648.6,1090.34,4932.14,5550.18,376.706,145.73,1158.23,435.69,1187.72,53168.2,16662.3,3875.73,494.962,192.21,4598.66,0.35,2504.9,1154.21,2598.68,1414.88,831.4960000000002,2184.11,300.901,250.867,414.361,201.887,380.945,260.731,2544.49,2062.34,1668.59,1960.23,116.74,775.27,1050.78,1616.62,555.908,452.87,746.1310000000002,110.51,1262.56,1327.33,271.112,907.26,442.63,112.36,105.37,48.57,48.16,32.21,67.81,47.78,101.27,90.93,71.79,12.9683,2.2145,1879.5,2.7985,552.95,1.3692,101.33,21.17,22.88,0.948,-0.64,0.22,5.9,62.6,15.855,2.3,31.894,36.4,96.6,73.5,3.1,82.5,1.9,2.1,79.2271,237.833,0.1,238.343,2.39,3.2,79.775,1.7,0.17,-7.6,101.9,-3.8,-1.0,1.3692,1.3692,5.6,70.51899999999998,0.25,0.0,-146.671,-19.025,0.5660000000000001,0.16899999999999998,2.531,0.459,1.631,318.8,1.2,310.0,2576.0,0.3,1.09,2.3,2.7,2.0,-28.3,-2.58,112.4,103.2,3.3,3.6,3.0,2.8,0.8740000000000001,-9.494,-1.6,3.6,42.6,8.9,-3.0,34.1,-0.6,3.4,-1.8,-834.057,-2.0,8.6,-0.3,3.7,6.0,-0.7,4.5,101.33,-0.2,0.2,3.75,52.9,54.9,57.0,274.0,306.0,-1.7,-6.0,-8.0,416.0,246.0,0.12,1.69465,62.8,1400.5,13.38,16.97,6.26,1.2,2.5304,3.3599,49.0,24.0,6.1,11.57,564.75,2.79,2.482,-3.91,-3.61,4.0,27.59,0.34,4.3,6.5,-3.15,4.0,1.7,115.53,3.45,0.16,-4.92,63288.3,2.29,1.28,-0.49,0.17,3.09,0.21,3.91,-0.16,95.8718,-8200.2
2014Q3,0.044721581113183806,244.124,1490.75,435.66,232.062,451.882,3592.25,2470.25,1010.07,4818.47,5302.34,370.457,140.31,1025.68,420.462,1203.36,54116.0,16226.6,3943.56,494.814,187.78,4499.46,0.36,2547.76,1151.98,2644.16,1456.16,843.8610000000001,2168.28,300.54,252.734,411.585,204.048,381.89,262.722,2542.53,2069.31,1637.42,1972.29,117.21,814.84,1005.33,1619.47,525.464,430.6,750.07,111.07,1326.29,1208.15,239.039,883.07,404.96,94.67,91.16,45.08,47.08,30.69,68.73,43.45,100.09,91.63,69.2,13.4286,2.4461,2024.83,2.8904,598.32,1.2631,109.65,20.8201,24.68,0.544,0.26,0.08,1.8,61.0,16.521,1.6,31.213,34.8,98.9,75.4,3.0,84.6,1.7,1.7,79.1766,238.777,0.2,238.031,3.63,1.0,85.936,2.3,0.1,-11.5,99.9,-4.8,-1.4,1.2631,1.2631,4.8,105.803,0.25,0.0,-76.625,157.83,0.531,0.175,2.49,0.569,1.757,300.75,-1.4,289.0,2419.0,0.0,1.1,2.3,2.7,2.0,-44.1,1.49,113.4,104.8,3.0,3.2,2.8,2.6,0.872,-14.295,1.2,1.4,35.3,2.6,7.3,34.7,2.3,3.4,0.5,-961.981,6.9,6.2,0.6,3.5,-2.6,-2.8,3.6,109.65,-0.2,0.1,4.22,54.4,55.5,58.7,251.0,284.0,2.9,1.5,2.4,466.0,29.0,0.13,1.7063700000000002,62.8,913.25,12.81,16.24,4.74,-0.6,2.4888,3.1967,59.0,18.0,5.9,16.31,477.75,2.86,3.655,-4.26,-3.38,4.5,29.49,0.08,4.9,6.6,-2.26,3.25,2.0,116.11,2.74,0.16,-4.34,63271.2,2.83,0.38,0.08,0.44,3.34,0.29,3.51,0.13,97.3856,-2918.9
2014Q4,-0.07092953818728431,249.356,1492.53,430.62,231.154,449.80800000000005,3769.44,2359.22,969.454,4701.84,5048.56,370.915,137.87,1136.78,401.521,1054.17,50007.4,14794.3,3850.96,501.448,188.555,4544.84,0.37,2752.14,1209.35,2761.51,1530.3,884.2339999999998,2300.62,307.247,254.719,418.94,205.8,385.58,264.842,2587.44,2109.32,1621.0,2058.9,116.72,867.95,956.31,1648.61,454.817,359.87,785.898,112.99,1407.51,1184.37,210.124,991.56,407.91,57.33,53.27,42.53,44.96,28.86,59.39,36.57,104.4,95.61,76.84,14.7515,2.6582,2376.2,2.9795,606.45,1.2098,119.78,18.23,24.333,0.262,0.63,-0.02,2.5,57.7,26.854,1.5,49.916,42.7,104.8,86.4,2.8,93.6,1.6,0.8,79.3998,239.572,0.1,234.812,4.44,0.4,90.269,3.9,0.17,-10.9,100.2,-4.9,-2.7,1.2098,1.2098,6.2,1.864,0.25,0.0,-166.581,39.249,0.329,0.03,2.172,0.6659999999999999,1.654,282.55,-5.6,286.0,2429.0,-0.3,1.14,2.1,2.5,1.8,13.9,-0.1,113.6,104.4,2.5,2.4,2.2,2.3,0.908,-14.693,-0.5,-0.1,38.2,6.2,11.4,33.9,0.1,3.3,0.1,-665.581,12.8,1.9,0.4,3.4,-2.5,-8.8,1.8,119.78,-18.2,0.0,4.08,57.1,54.7,37.8,236.0,251.0,1.3,8.8,9.9,488.0,171.0,0.07,1.46123,62.8,1019.25,13.34,16.71,4.51,-2.2,2.1712,2.7518,58.0,9.0,5.6,19.2,589.75,3.66,6.3260000000000005,-5.3,-2.6,4.5,29.07,1.18,4.6,6.0,-1.68,3.0,1.4,116.65,3.22,0.23,-4.44,61185.3,3.43,1.09,0.01,0.49,3.24,0.23,3.93,0.41,98.8477,-5307.4
2015Q1,-0.18283829009818545,255.851,1503.03,441.79,236.408,459.22,3805.27,2441.61,1004.3,5181.84,4743.44,389.014,146.31,968.022,410.513,1027.2,51150.2,12461.8,3916.92,510.112,192.904,4649.99,0.36,2818.58,1200.62,2833.0,1585.98,918.168,2299.12,309.01,256.48,423.095,205.8,383.473,266.732,2647.34,2143.9,1661.89,2067.89,135.26,950.35,974.57,1667.59,411.36800000000005,412.77,814.7689999999999,133.26,1543.11,1183.57,197.637,1033.9,421.75,55.11,47.6,44.27,50.12,27.18,57.96,31.37,103.08,98.92,79.32,15.2635,3.1974,2599.9,3.0965,625.29,1.0731,120.13,19.35,25.735,0.242,0.74,-0.05,0.9,48.8,22.26,1.4,2.529,46.2,105.0,85.3,3.0,93.0,1.8,-0.1,78.1172,240.749,0.3,236.11900000000003,4.26,0.0,98.357,4.3,0.34,-3.6,103.3,-2.7,-2.2,1.0731,1.0731,5.9,-52.918,0.25,0.0,-157.369,4.875,0.405,0.141,1.924,0.557,1.371,274.0,-10.8,269.0,2289.0,0.3,1.16,2.1,2.5,1.7,-4.0,-0.5,112.1,104.1,2.2,2.3,2.3,2.2,0.907,0.6859999999999999,-0.5,-2.4,35.2,1.2,2.6,14.9,-9.7,3.1,-12.9,223.462,8.5,-14.4,0.1,3.4,-6.5,-13.1,0.7,120.13,4.6,0.1,3.14,51.0,51.8,40.1,89.0,78.0,-5.5,9.8,-12.8,485.0,105.0,0.18,1.35093,62.7,973.25,13.73,17.5,4.3,1.4,1.9231,2.5359,52.0,12.0,5.5,15.29,511.75,4.56,5.109,-5.98,-2.96,4.5,28.73,0.36,4.2,6.1,-1.27,3.0,1.8,118.1,3.02,0.76,-4.66,60169.9,3.48,0.54,-0.17,0.41,2.45,0.26,1.36,-0.3,100.026,-8714.3
2015Q2,0.04341980355309305,246.085,1504.75,440.21,234.866,456.056,3815.85,2452.37,1013.9,5342.09,4699.71,391.174,146.29,972.122,413.362,1021.61,53080.9,13113.2,3897.1,502.952,193.575,4664.4,0.32,2770.01,1201.92,2835.35,1619.77,919.27,2252.43,311.145,258.755,430.913,206.368,391.543,269.063,2563.64,2109.99,1661.94,2063.11,129.19,998.08,972.25,1654.54,425.79,414.84,813.9019999999998,128.71,1630.4,1172.35,206.844,940.11,433.37,63.59,59.47,43.73,51.24,26.67,57.11,32.77,103.15,99.01,71.3,15.7389,3.103,2606.59,3.1795,639.15,1.1147,122.5,19.87,27.0505,-0.058,0.47,-0.24,0.5,47.6,24.981,1.4,45.151,44.0,108.9,87.8,2.7,96.1,1.8,0.1,76.9332,242.039,0.2,238.638,4.22,1.2,95.485,4.6,0.34,-5.5,103.3,-2.6,-2.1,1.1147,1.1147,7.8,50.487,0.25,0.0,-126.786,105.297,0.465,0.127,2.354,0.645,1.649,262.35,-9.9,277.0,2314.0,-0.4,1.19,0.6,0.8,0.2,0.0,0.2,113.6,106.1,0.1,0.4,0.3,0.1,1.006,16.317,0.9,1.7,34.2,-4.3,16.6,6.6,1.0,0.4,-0.2,-60.902,9.5,-3.1,0.2,3.4,-5.3,5.4,-2.4,122.5,-4.7,0.6,2.87,54.2,52.3,49.7,189.0,191.0,7.2,12.7,-6.0,474.0,21.0,0.14,1.29901,62.7,1056.25,13.56,17.29,4.37,2.4,2.3531,3.1236,60.0,4.0,5.3,18.23,614.75,4.42,5.008,-6.47,-2.44,4.5,28.25,0.95,4.4,6.5,-1.27,3.0,3.1,119.62,3.54,0.33,-4.32,58849.8,3.01,1.05,0.16,0.17,2.33,0.21,1.07,0.12,99.9442,-7411.0
2015Q3,-0.14413775432524656,248.279,1508.36,416.73,222.82,447.028,3570.17,2234.35,930.278,4711.49,4035.1,324.524,123.82,778.166,339.386,913.86,45059.3,10030.6,3685.18,506.364,175.282,4270.38,0.29,2735.0,1101.02,2692.94,1551.88,870.64,2126.91,314.322,260.907,437.297,208.36,396.304,271.41200000000003,2584.8,2147.19,1581.23,1920.03,117.25,855.77,792.05,1675.58,322.35,350.69,762.795,120.17,1411.16,1115.09,176.921,944.45,405.06,48.37,45.09,39.8,45.72,23.0,51.56,21.95,93.28,93.0,70.95,16.9177,3.9471,3087.42,3.2335,696.2,1.1177,119.88,15.91,29.097,-0.73,0.56,-0.4,0.3,47.7,26.841,1.6,59.654,43.0,101.2,78.2,2.8,87.2,1.9,0.0,76.876,243.306,0.2,237.945,6.0,-0.2,96.35,4.7,0.35,-7.0,105.0,-2.0,-3.1,1.1177,1.1177,11.5,90.871,0.25,0.0,-193.364,29.641,0.35600000000000004,0.066,2.0380000000000003,0.631,1.358,234.1,-11.6,271.0,2227.0,-0.4,1.23,0.9,1.2,0.6,-27.2,1.01,112.4,101.8,-0.1,0.0,-0.1,-0.2,0.895,2.622,2.0,-0.9,35.1,3.0,-1.7,-19.1,-0.1,0.4,1.7,-121.285,0.5,-11.0,-0.4,3.4,-2.6,-3.0,-4.0,119.88,-6.7,0.3,2.52,50.0,50.1,37.6,119.0,88.0,-2.1,6.6,-11.5,456.0,4.0,0.14,1.28752,62.3,892.0,14.24,17.97,4.69,-1.7,2.0368,2.8538,61.0,-1.0,5.0,24.5,512.75,5.35,8.699,-7.1,-2.73,4.75,27.87,-0.09,4.6,6.4,-1.95,3.0,3.2,120.65,3.9,0.03,-4.79,60306.5,4.0,1.27,1.18,0.37,2.38,0.37,3.23,1.13,100.114,-7682.1
2015Q4,-0.12941043752928727,247.518,1505.27,407.98,219.519,453.442,3821.6,2287.89,956.618,5151.75,3828.85,336.911,131.96,780.313,341.6230000000001,904.99,43350.0,9848.59,3680.21,503.602,184.097,4505.24,0.33,2907.49,1163.07,2888.74,1672.59,934.346,2257.3,315.978,263.15,441.55800000000005,207.05900000000003,389.339,273.741,2569.73,2127.09,1548.58,2043.94,123.11,938.4,794.14,1674.34,313.658,341.92,813.697,128.48,1547.3,1061.1,158.314,1012.74,427.8,37.28,37.04,40.11,48.48,21.5,49.83,20.68,97.86,99.48,75.08,17.2075,3.964,3174.5,3.414,707.8,1.0862,120.22,15.52,29.873,-0.463,0.44,-0.41,-3.4,42.5,21.929,1.6,59.389,43.6,108.1,82.7,2.6,92.6,2.1,0.7,75.7183,244.59,0.1,236.525,6.47,-1.4,98.631,4.7,0.43,-5.7,105.9,-2.1,-2.8,1.0862,1.0862,12.0,-14.444,0.5,0.25,-72.423,-29.057,0.265,0.028,2.27,1.05,1.761,213.5,-8.3,277.0,2228.0,-0.2,1.27,0.8,1.2,0.6,-34.1,-2.01,111.3,100.5,0.1,0.2,0.1,0.1,0.906,-1.262,-1.4,-1.2,29.5,-1.4,-3.6,-25.7,-1.1,0.3,0.0,138.947,-8.0,-18.0,-0.4,3.3,-2.2,3.1,-3.6,120.22,-17.4,-0.1,2.13,46.8,48.4,33.9,218.0,234.0,-3.3,-3.2,6.0,534.0,15.0,0.07,1.25234,62.7,871.25,13.43,17.19,5.23,-1.7,2.2694,3.0158,60.0,6.0,5.0,18.21,470.0,6.77,9.57,-6.57,-3.07,5.75,29.22,0.95,4.4,5.8,-2.4,3.5,4.6,121.78,4.4,0.45,-4.83,60413.1,2.71,-0.1,0.41,0.41,2.41,0.31,0.61,0.83,101.308,-6468.1
2016Q1,-0.12805382506852736,259.233,1522.44,422.96,226.801,477.669,3873.11,2230.34,934.264,4815.86,4260.65,342.904,128.93,943.247,361.142,980.63,50055.3,12057.9,3937.49,519.062,184.536,4489.49,0.31,3072.49,1182.12,2951.47,1673.72,941.278,2370.2,322.806,265.158,449.701,211.181,406.546,275.769,2671.78,2195.22,1600.51,2059.74,113.62,812.6,836.8,1707.24,373.705,372.41,813.092,119.55,1347.2,1232.75,158.97299999999996,1064.93,433.14,39.6,38.34,39.11,45.64,23.71,53.7,26.3,98.81,99.78,77.86,17.279,3.5928,3002.14,3.313,667.74,1.138,112.57,14.74,31.76,-0.366,0.43,-0.44,0.0,52.9,24.501,2.3,27.104,42.8,105.6,81.5,2.7,91.0,2.2,0.9,75.0794,246.004,0.1,238.132,6.44,-0.3,94.586,5.2,0.25,-9.7,102.4,-3.9,-3.9,1.138,1.138,9.0,-108.043,0.5,0.25,-97.447,78.107,-0.029,-0.182,1.77,0.723,1.206,218.3,-6.1,274.0,2181.0,-0.2,1.31,0.6,0.9,0.6,-39.6,0.41,110.6,98.7,-0.3,0.0,0.1,-0.1,0.978,8.381,0.5,1.1,28.5,1.4,3.2,-21.2,-1.0,0.2,-1.2,744.8860000000002,-6.8,-14.8,-0.3,3.2,1.3,-3.2,-4.0,112.57,-1.0,0.4,2.6,47.6,51.2,52.1,200.0,235.0,-7.4,-6.7,2.1,538.0,145.0,0.1,1.47516,63.0,910.75,13.18,16.77,5.07,1.0,1.7687,2.6119,58.0,-19.0,5.0,13.95,473.5,7.98,8.56,-5.98,-3.08,6.5,27.95,0.48,4.5,6.3,-2.17,3.5,4.5,123.17,4.3,0.6,-4.57,60131.5,3.01,0.59,-0.61,0.15,2.76,0.36,-0.87,-0.19,102.926,-8460.6
2016Q2,0.2905530533391254,269.832,1537.27,444.27,237.63,502.941,3968.21,2175.06,904.352,4864.52,4405.38,344.26,128.9,869.257,363.531,915.0,51526.9,13856.9,3995.91,532.214,186.361,4534.75,0.32,3250.17,1236.3,2987.63,1754.92,947.06,2443.45,328.19,267.59,455.1230000000001,211.564,410.242,278.221,2767.19,2241.26,1688.84,2098.86,111.62,748.25,834.1,1725.51,393.549,367.62,816.2869999999998,118.9,1245.82,1321.9,179.291,1137.28,430.89,49.68,48.33,37.79,46.0,24.51,50.37,30.175,103.23,100.36,82.39,18.2804,3.2126,2920.46,3.2855,663.26,1.1106,103.2,14.46,30.5,-0.3,1.12,0.1,0.5,54.2,14.857,1.9,47.212,43.9,110.8,82.4,2.6,93.5,2.2,1.0,75.2555,247.436,0.2,241.018,5.81,-0.2,96.143,5.1,0.29,-7.3,103.7,-2.8,-3.0,1.1106,1.1106,10.2,6.252000000000002,0.5,0.25,-184.98,-9.601,-0.217,-0.306,1.471,0.584,1.0,219.45,-4.7,265.0,2128.0,0.3,1.36,0.5,0.7,0.4,-12.9,0.41,111.1,99.8,-0.4,-0.4,-0.4,-0.3,0.972,-2.5,0.7,-1.2,25.4,7.1,-0.9,-19.9,-1.3,0.1,-1.4,686.471,-7.4,-18.7,0.5,3.1,-0.9,3.0,-4.5,103.2,-2.6,0.1,2.54,49.2,52.5,59.8,289.0,285.0,0.2,6.3,0.4,560.0,316.0,0.12,1.58475,62.7,1175.0,13.13,16.99,4.9,-2.1,1.4697,2.2847,60.0,21.0,4.9,15.63,431.25,8.6,9.636,-5.41,-3.24,7.5,26.76,-0.56,4.2,6.9,-2.3,3.5,4.0,123.62,3.34,0.14,-4.33,58231.3,3.28,0.47,0.73,0.11,2.97,0.25,1.4,-0.1,104.043,-6828.3
2016Q3,0.04677797953850926,273.467,1541.19,468.33,249.718,522.283,4121.06,2288.72,957.646,5282.86,4618.94,379.182,139.72,828.722,396.346,891.44,58367.1,15297.0,4015.25,537.307,196.241,4755.39,0.33,3212.77,1279.33,3069.82,1784.74,990.446,2474.71,331.9380000000001,270.29200000000003,455.342,211.564,411.537,281.14,2806.15,2235.01,1782.59,2168.27,115.82,795.79,903.46,1735.28,414.689,379.81,853.41,122.44,1322.78,1315.87,172.363,1124.24,463.3,49.06,48.24,39.38,50.16,25.69,48.48,33.73,105.62,104.17,80.64,19.3852,3.2613,2881.3,3.3835,657.32,1.1235,101.35,16.44,28.365,-0.301,0.38,-0.11,-2.4,53.7,18.027,1.9,40.942,41.6,104.2,82.7,2.4,91.2,2.2,1.5,75.1197,248.716,0.1,241.428,4.58,-0.5,95.463,5.0,0.41,-8.3,104.1,-1.8,-1.3,1.1235,1.1235,9.2,33.359,0.5,0.25,-146.997,-28.612,-0.08900000000000001,-0.245,1.595,0.764,1.15,221.05,-1.1,245.0,2070.0,0.3,1.39,0.0,0.2,-0.1,40.9,-0.81,111.9,99.8,-0.5,-0.5,-0.5,-0.5,0.984,10.0,0.2,1.0,22.7,0.3,4.3,-6.3,-1.7,0.1,-3.2,486.587,-6.9,-16.1,-0.2,3.0,1.5,3.7,-3.3,101.35,2.9,0.1,2.97,49.2,51.4,53.1,239.0,264.0,6.8,-8.8,-1.0,566.0,106.0,0.08,1.7222099999999998,62.9,954.0,13.86,17.65,5.13,-0.1,1.5944,2.3154,65.0,-7.0,5.0,13.29,402.0,7.27,3.384,-4.68,-3.84,7.75,26.09,0.34,3.1,6.8,-1.93,3.5,4.4,124.42,3.13,0.21,-3.6,60235.5,2.03,1.2,0.94,0.61,3.07,0.48,-1.82,0.3,104.394,-5482.9
2016Q4,0.10527518277822924,263.277,1537.03,475.91,253.134,499.54,4278.66,2284.49,950.702,5274.15,4769.38,355.244,135.04,716.185,379.84,818.24,60227.3,15567.0,4151.39,523.295,198.575,4843.61,0.33,3217.6,1364.75,3159.39,1758.46,1000.47,2526.5,325.42,273.184,442.477,214.239,425.174,283.763,2726.78,2149.16,1813.85,2238.83,122.5,914.0,862.27,1700.92,411.021,442.66,860.207,123.03,1518.61,1147.5,176.942,1089.28,478.73,56.82,53.72,38.81,48.86,26.15,43.97,33.34,112.03,104.9,76.94,20.7272,3.25,3000.71,3.3560000000000003,670.68,1.0517,116.96,15.05,29.261,-0.126,0.2,0.52,-0.2,54.1,11.336,2.1,40.708,46.0,111.9,89.5,2.2,98.2,2.2,2.1,75.6544,249.996,0.2,241.432,3.68,0.0,102.21,5.0,0.64,-5.3,107.1,0.1,1.5,1.0517,1.0517,12.3,-27.337,0.75,0.5,-97.96,-9.144,0.046,-0.108,2.445,1.19,1.928,250.55,1.9,238.0,2082.0,0.3,1.43,0.0,0.1,-0.2,13.2,-0.59,114.4,104.6,-0.2,0.3,0.0,-0.6,0.951,3.9,0.0,2.1,23.1,2.1,6.7,4.4,0.7,0.5,-1.3,635.905,5.4,-2.5,-0.1,3.1,4.2,10.8,-1.2,116.96,0.1,0.3,3.36,53.3,54.3,64.2,172.0,180.0,1.1,10.4,-3.9,546.0,62.0,0.14,1.85337,62.7,996.5,14.03,18.05,5.35,2.4,2.4443,3.0651,69.0,12.0,4.7,14.04,408.0,5.75,1.615,-4.11,-3.81,7.5,24.14,0.23,2.7,6.1,-1.36,3.5,3.0,125.72,3.23,0.33,-2.73,60523.7,3.26,0.98,0.69,0.46,3.44,0.45,-0.16,-0.62,104.103,-3139.8
2017Q1,-0.03675631809029456,266.583,1547.02,487.53,259.016,519.354,4538.21,2453.01,1022.67,5511.18,4888.9,402.796,146.92,787.809,423.3130000000001,942.85,64984.1,15757.0,4783.42,529.016,212.293,5152.44,0.42,3412.64,1409.35,3348.34,1924.93,1089.59,2682.72,334.641,277.347,454.051,217.174,427.708,288.07,2760.12,2163.66,1862.81,2362.72,128.93,905.29,958.37,1708.26,460.6,443.28,931.156,131.6,1512.6,1249.2,172.826,1124.31,498.79,52.83,50.6,41.85,51.5,26.88,51.17,37.46,114.94,113.8,78.49,18.7249,3.1224,2873.98,3.2485,660.25,1.0652,111.39,16.6166,28.52,0.295,0.25,0.04,0.8,57.1,12.499,0.9,22.707,49.7,113.2,86.5,2.5,96.9,2.0,2.4,75.5371,250.904,-0.1,243.801,3.45,1.2,100.35,5.1,0.81,-5.1,107.4,1.5,3.7,1.0652,1.0652,12.2,-176.233,1.0,0.75,13.18,67.542,0.07,-0.118,2.388,1.256,1.922,265.25,4.1,241.0,2016.0,-0.5,1.45,-0.3,-0.1,-0.4,26.6,-0.3,114.7,105.4,0.2,0.2,-0.4,-0.4,0.977,0.189,-0.1,1.7,20.3,0.4,-0.7,22.8,2.1,1.0,-0.8,603.4730000000002,11.9,16.0,-0.3,2.8,4.5,13.8,1.4,111.39,-1.6,0.3,5.35,58.7,56.6,68.8,68.0,73.0,2.5,-7.7,4.0,643.0,68.0,-0.12,1.64406,63.0,946.0,13.11,16.72,5.68,1.2,2.3874,3.0095,71.0,10.0,4.5,12.37,426.5,4.69,0.5479999999999999,-4.0,-4.22,7.0,22.84,-0.52,2.7,6.6,-2.02,3.0,2.3,128.07,3.97,1.3,-1.99,61290.6,3.25,0.28,0.17,0.61,4.48,0.57,4.57,0.46,103.829,-10604.8
2017Q2,0.04059896992433387,274.692,1555.36,498.28,264.386,531.1469999999998,4678.36,2631.43,1101.57,5797.39,4920.07,436.284,154.59,936.508,449.853,1013.49,62900.0,16132.9,4747.24,537.065,221.365,5359.88,0.45,3520.06,1428.31,3440.97,2077.28,1140.48,2779.23,342.761,281.887,467.272,221.327,436.542,292.768,2830.31,2189.36,1903.27,2423.41,128.08,958.65,1010.8,1724.05,452.604,426.07,970.94,132.05,1611.9,1241.61,167.64,1153.47,535.21,47.92,46.04,44.32,53.65,26.76,53.94,34.14,116.43,119.02,79.77,18.1203,3.3072,3043.11,3.245,663.8,1.1426,112.39,18.68,28.525,0.745,-0.51,0.12,-0.7,63.6,11.079,1.5,41.218,48.6,112.5,83.9,2.6,95.1,1.7,1.6,76.2322,251.69,0.1,244.955,3.32,-0.2,95.628,4.9,1.2,-1.3,110.5,4.8,2.4,1.1426,1.1426,12.8,-90.233,1.25,1.0,1.841,34.389,0.086,-0.064,2.305,1.384,1.889,269.9,1.4,251.0,1951.0,0.1,1.5,-0.2,0.0,-0.4,-25.1,1.38,116.1,105.2,0.4,0.4,0.1,0.0,0.986,1.749,1.0,4.2,17.0,-1.8,-5.2,31.1,2.2,0.8,0.2,433.246,9.7,15.7,-0.1,2.8,6.9,9.7,2.2,112.39,1.4,0.5,6.31,56.3,56.7,53.0,220.0,239.0,8.9,9.2,2.0,616.0,51.0,0.15,1.62126,62.8,942.25,12.96,16.59,5.75,3.6,2.3037,2.8348,66.0,14.0,4.3,11.18,511.0,3.99,-0.838,-3.95,-4.13,5.75,26.43,0.82,1.7,7.0,-2.13,2.5,2.6,127.0,2.73,-0.16,-1.15,61485.7,1.84,0.54,0.64,0.25,4.83,0.3,0.01,-0.05,104.351,-1803.8
2017Q3,0.05097613882863339,278.676,1563.67,507.38,268.882,545.38,4887.97,2803.66,1176.04,6027.47,5308.74,465.181,161.17,942.261,485.36300000000006,1024.23,74293.5,18538.3,5341.93,542.481,232.836,5619.23,0.54,3640.14,1472.8,3585.79,2242.9,1207.76,2857.78,348.862,286.893,473.45,226.144,445.676,297.895,2868.16,2197.75,1940.87,2519.36,131.01,991.42,1081.72,1741.11,520.821,452.81,1025.12,134.3,1674.75,1279.75,171.865,1166.5,553.07,57.54,51.67,46.87,55.71,28.94,54.61,41.69,118.51,125.06,79.88,18.2545,3.1623,2938.87,3.2655,639.03,1.1814,112.51,20.35,28.99,0.875,0.34,0.18,5.7,64.3,8.191,1.6,27.376,51.6,111.7,84.4,2.7,95.1,1.7,2.2,75.6581,252.943,0.1,246.819,3.12,1.7,93.076,5.2,1.38,-1.2,112.8,7.5,2.6,1.1814,1.1814,15.0,7.886,1.25,1.0,-39.654,82.429,0.068,-0.08,2.334,1.486,1.937,295.5,2.7,254.0,1914.0,-0.1,1.53,0.0,0.2,-0.1,-13.0,-0.29,116.2,106.2,0.7,0.7,0.5,0.5,0.956,-2.9130000000000003,-1.0,1.3,15.6,-5.5,-3.5,45.0,2.3,1.0,1.9,653.828,14.1,12.3,-0.2,2.8,1.7,0.4,3.0,112.51,-0.4,0.1,6.35,58.7,60.2,71.5,16.0,14.0,-3.5,-1.2,14.2,637.0,151.0,0.15,1.47651,63.0,968.25,14.33,18.47,5.96,2.9,2.3336,2.8601,64.0,6.0,4.2,9.51,448.25,3.97,1.176,-3.7,-3.15,5.25,24.23,2.36,1.5,6.7,-1.66,2.5,2.9,128.08,2.94,-0.02,-0.71,63092.1,1.59,-0.09,-0.61,0.31,4.8,0.28,-1.46,-1.17,104.858,-4921.6
2017Q4,0.020839692437390145,282.464,1562.51,508.32,269.133,551.774,5212.76,2862.95,1205.15,6539.2,5539.95,503.446,173.81,987.161,521.456,936.72,76402.1,19974.4,5564.6,544.701,246.178,5928.59,0.57,3834.66,1551.23,3870.05,2423.52,1302.73,3089.71,349.519,291.841,467.474,230.18,451.673,302.9290000000001,2901.78,2198.84,1949.97,2673.61,131.41,1074.91,1158.45,1742.91,508.61300000000006,467.9,1099.45,135.48,1817.56,1302.8,179.957,1196.5,546.45,66.87,60.42,47.26,59.93,29.64,49.29,40.45,124.34,134.68,81.01,19.659,3.3085,2986.84,3.2374,615.44,1.2005,112.69,21.65,28.7,0.8109999999999999,0.73,0.18,2.8,67.8,13.149,1.8,53.85,51.8,113.8,84.3,2.7,95.9,1.8,2.1,77.3238,254.398,0.2,246.524,3.31,1.6,92.124,4.6,1.6,0.5,115.2,9.5,2.2,1.2005,1.2005,16.9,-23.192,1.5,1.25,-127.196,23.424,0.048,-0.101,2.406,1.885,2.207,330.05,3.2,248.0,1873.0,0.0,1.59,0.1,0.3,0.2,-7.5,1.64,119.0,106.6,0.9,1.0,1.0,0.8,0.936,-2.111,1.5,3.2,11.2,-9.3,-5.0,48.3,3.6,0.8,1.1,356.18,9.4,15.0,0.1,2.7,2.1,-1.0,3.0,112.69,-1.6,0.5,6.77,58.1,59.3,68.3,174.0,175.0,-0.2,-7.1,-10.7,636.0,140.0,0.17,1.63842,62.7,951.75,13.72,17.76,6.26,1.8,2.4054,2.7399,74.0,39.0,4.1,11.04,427.0,4.09,1.859,-3.38,-3.23,4.75,20.85,0.65,2.3,6.4,-1.5,2.5,2.2,127.43,1.36,0.16,-1.14,62373.9,1.54,0.82,0.79,0.59,4.87,0.42,-0.42,0.96,105.229,-2121.0
2018Q1,0.1383435790283023,274.21,1557.64,502.12,266.346,540.673,5173.19,2803.2,1183.92,6593.68,5132.68,506.795,172.76,950.567,528.845,955.47,85365.6,20558.8,5542.22,537.039,243.811,5852.64,0.62,3793.55,1507.28,3882.11,2491.31,1321.17,3075.28,357.337,297.181,482.269,230.18,458.839,308.551,2834.54,2172.93,1933.24,2640.87,125.01,1014.94,1170.88,1721.42,549.427,464.75,1112.25,129.01,1716.3,1325.48,179.236,1125.8,539.66,70.27,64.94,46.63,60.68,27.56,51.52,44.88,119.96,136.09,75.47,18.1812,3.3063,2795.02,3.2298,603.9,1.2324,106.28,22.14,28.335,-0.242,0.6,0.26,-1.0,57.4,8.73,2.1,-5.83,56.8,121.2,88.8,2.8,101.4,2.1,2.4,77.4819,256.2,0.2,249.554,3.45,0.5,89.97399999999998,3.7,1.45,0.1,112.8,7.0,1.9,1.2324,1.2324,16.0,-208.743,1.75,1.5,-42.133,64.87100000000001,0.049,-0.101,2.74,2.268,2.563,302.55,3.3,242.0,1878.0,-0.1,1.59,0.3,0.5,0.4,6.1,1.17,116.1,104.4,0.9,1.1,1.0,0.8,0.895,-8.264,2.1,2.5,9.1,-3.9,-2.4,28.1,1.0,0.5,0.1,793.322,2.1,-0.5,-0.4,2.5,1.0,-4.9,2.0,106.28,-3.3,-0.1,5.04,57.3,59.3,78.1,153.0,155.0,4.1,2.9,1.4,672.0,30.0,0.17,1.95941,62.9,1044.75,13.42,17.4,6.52,1.7,2.7389,2.9737,70.0,21.0,4.1,19.97,451.0,3.14,1.654,-3.07,-2.98,4.5,22.24,1.21,1.8,6.9,-1.07,2.5,3.1,128.54,0.36,0.49,-1.24,60836.4,1.37,0.98,0.41,0.32,4.02,0.33,-3.86,-0.18,105.326,-8763.3
